-- phpMyAdmin SQL Dump
-- version 4.5.4.1
-- http://www.phpmyadmin.net
--
-- Client :  localhost
-- Généré le :  Lun 28 Mars 2022 à 20:38
-- Version du serveur :  5.7.11
-- Version de PHP :  5.6.18

SET SQL_MODE = "NO_AUTO_VALUE_ON_ZERO";
SET time_zone = "+00:00";


/*!40101 SET @OLD_CHARACTER_SET_CLIENT=@@CHARACTER_SET_CLIENT */;
/*!40101 SET @OLD_CHARACTER_SET_RESULTS=@@CHARACTER_SET_RESULTS */;
/*!40101 SET @OLD_COLLATION_CONNECTION=@@COLLATION_CONNECTION */;
/*!40101 SET NAMES utf8mb4 */;

--
-- Base de données :  `gestion_stage`
--

-- --------------------------------------------------------

--
-- Structure de la table `admin`
--

CREATE TABLE `admin` (
  `mail` varchar(320) NOT NULL,
  `mdp` varchar(32) NOT NULL
) ENGINE=InnoDB DEFAULT CHARSET=latin1;

--
-- Contenu de la table `admin`
--

INSERT INTO `admin` (`mail`, `mdp`) VALUES
('lasserre.ludivine.ll@gmail.com', '098f6bcd4621d373cade4e832627b4f6');

-- --------------------------------------------------------

--
-- Structure de la table `candidater`
--

CREATE TABLE `candidater` (
  `id_stage` int(11) NOT NULL,
  `num_etudiant` varchar(8) NOT NULL,
  `CV` varchar(100) CHARACTER SET utf8 NOT NULL,
  `LM` varchar(100) CHARACTER SET utf8 NOT NULL,
  `commentaires` text CHARACTER SET utf8
) ENGINE=InnoDB DEFAULT CHARSET=latin1;

--
-- Contenu de la table `candidater`
--

INSERT INTO `candidater` (`id_stage`, `num_etudiant`, `CV`, `LM`, `commentaires`) VALUES
(1, '11111111', 'files/CV_11111111_1fiche de recherche de stage.pdf', 'files/LM_11111111_1section-app-collaboratif.pdf', 'test'),
(1, '15263524', 'files/CV.pdf', 'files/LM.pdf', NULL),
(7, '11111111', 'files/CV_11111111_7CV.pdf', 'files/LM_11111111_7LM.pdf', ''),
(9, '12544565', 'files/CV.pdf', 'files/LM.pdf', NULL),
(10, '23012405', 'files/CV.pdf', 'files/LM.pdf', NULL);

-- --------------------------------------------------------

--
-- Structure de la table `contact`
--

CREATE TABLE `contact` (
  `id_contact` int(11) NOT NULL,
  `nom` varchar(50) CHARACTER SET utf8 DEFAULT NULL,
  `prenom` varchar(50) CHARACTER SET utf8 DEFAULT NULL,
  `mdp_contact` varchar(32) CHARACTER SET utf8 DEFAULT NULL,
  `mail_contact` varchar(320) CHARACTER SET utf8 DEFAULT NULL,
  `tel_contact` char(13) CHARACTER SET utf8 DEFAULT NULL,
  `id_entreprise` int(11) NOT NULL,
  `code` varchar(300) NOT NULL,
  `confirmation` tinyint(1) NOT NULL
) ENGINE=InnoDB DEFAULT CHARSET=latin1;

--
-- Contenu de la table `contact`
--

INSERT INTO `contact` (`id_contact`, `nom`, `prenom`, `mdp_contact`, `mail_contact`, `tel_contact`, `id_entreprise`, `code`, `confirmation`) VALUES
(3, 'test', 'test', '098f6bcd4621d373cade4e832627b4f6', 'test@gmail.com', '0687543213', 3, '1234', 1),
(6, 'Dujardin', 'Jean', '1a1dc91c907325c69271ddf0c944bc72', 'dujardin@gmail.com', '0695452545', 6, '1111', 1),
(7, 'POLO', 'Marco', '1a1dc91c907325c69271ddf0c944bc72', 'Marco.polo@gmail.com', '0125635241', 7, '1111', 1),
(8, 'Mwaka', 'Kalash', '1a1dc91c907325c69271ddf0c944bc72', 'Kalash@gmail.com', '0696586253', 8, '1111', 1),
(9, 'Desvarieux', 'Jacob', '1a1dc91c907325c69271ddf0c944bc72', 'Jacob.D@gmail.com', '0696263595', 9, '1111', 1),
(10, 'Chaplin', 'Charlie', '1a1dc91c907325c69271ddf0c944bc72', 'Chaplin@gmail.com', '0126598542', 10, '1111', 1),
(11, 'Vency', 'Mob', '1a1dc91c907325c69271ddf0c944bc72', 'mob@gmail.Com', '0695425656', 11, '1111', 1),
(12, 'Bezos', 'Jeff', '1a1dc91c907325c69271ddf0c944bc72', 'jeff.bezos@gmail.com', '0245632125', 12, '1111', 1),
(13, 'de Vinci', 'Leonard', '1a1dc91c907325c69271ddf0c944bc72', 'Leonard@gmail.com', '0362541254', 13, '1111', 1),
(14, 'Césaire', 'Aimé', '1a1dc91c907325c69271ddf0c944bc72', 'a.cesaire@gmail.com', '0695362514', 14, '1111', 1),
(15, 'De La Fontaine', 'Jean', '1a1dc91c907325c69271ddf0c944bc72', 'jeandlf@gmail.com', '0352645965', 14, '1111', 1),
(16, 'Matin', 'Martin', '1a1dc91c907325c69271ddf0c944bc72', 'martinmatin@gmail.com', '0596421584', 16, '1111', 1),
(17, 'Lapierre', 'Jeannette', '1a1dc91c907325c69271ddf0c944bc72', 'lapierre.j@gmail.com', '0124632514', 17, '1111', 1),
(18, 'Dupont', 'Paul', '1a1dc91c907325c69271ddf0c944bc72', 'paul.dupont@gmail.com', '0232128465', 18, '1111', 1),
(19, 'Charles', 'Ray', '1a1dc91c907325c69271ddf0c944bc72', 'ray.charles@gmail.com', '0325631245', 19, '1111', 1),
(20, 'Carlos', 'David', '1a1dc91c907325c69271ddf0c944bc72', 'carlos.david@gmail.com', '0693041524', 20, '1111', 1),
(21, 'Label', 'Francine', '1a1dc91c907325c69271ddf0c944bc72', 'francine@gmail.com', '0690563526', 21, '1111', 1),
(22, 'Eminet', 'Titi', '1a1dc91c907325c69271ddf0c944bc72', 'titigros@gmail.com', '0236458544', 22, '1111', 1),
(23, 'Sail', 'Milo', '1a1dc91c907325c69271ddf0c944bc72', 'milo.sail@gmail.com', '0696256535', 23, '1111', 1),
(24, 'Armstrong', 'Louis', '1a1dc91c907325c69271ddf0c944bc72', 'louis.armst@gmail.com', '0625321425', 24, '1111', 1),
(25, 'Carlos', 'Juan', '1a1dc91c907325c69271ddf0c944bc72', 'juan@gmail.com', '0925658452', 25, '1111', 1),
(26, 'Lee', 'Stan', '1a1dc91c907325c69271ddf0c944bc72', 'stan.lee@gmail.com', '0365426325', 26, '1111', 1),
(27, 'Monroe', 'Marilyn', '1a1dc91c907325c69271ddf0c944bc72', 'monroe.marilyne@gmail.com', '0325652142', 27, '1111', 1),
(28, 'Frère', 'Jaques', '1a1dc91c907325c69271ddf0c944bc72', 'frere.jacques@gmail.com', '0215369669', 28, '1111', 1),
(29, 'Pernaut', 'Jean-Pierre', '1a1dc91c907325c69271ddf0c944bc72', 'jp.pernaut@gmail.com', '0325365415', 16, '1111', 1),
(30, 'Patrick', 'Sébastien', '1a1dc91c907325c69271ddf0c944bc72', 'patrick.sebastien@gmail.com', '0306251532', 30, '1111', 1),
(31, 'Hugo', 'Victor', '1a1dc91c907325c69271ddf0c944bc72', 'victor.hugo@gmail.com', '0215653545', 31, '1111', 1),
(32, 'Lapince', 'Janky', '1a1dc91c907325c69271ddf0c944bc72', 'lapince.janky@gmail.com', '0690362515', 32, '1111', 1),
(33, 'Monbleu', 'Philip', '1a1dc91c907325c69271ddf0c944bc72', 'monbleu.philip@gmail.com', '0215236542', 33, '1111', 1),
(34, 'Hède', 'Styl', '1a1dc91c907325c69271ddf0c944bc72', 'styl@gmail.com', '0215232201', 34, '1111', 1),
(35, 'Loat', 'Théodort', '1a1dc91c907325c69271ddf0c944bc72', 'theo.l@gmail.com', '0215320101', 35, '1111', 1),
(36, 'Mona', 'Eugène', '1a1dc91c907325c69271ddf0c944bc72', 'eugene.mona@gmail.com', '0696259588', 36, '1111', 1),
(37, 'Saint Louis', 'Gilles', '1a1dc91c907325c69271ddf0c944bc72', 'gilles.sl@gmail.com', '0696231412', 37, '1111', 1),
(38, 'Nouenroute', 'Kima', '1a1dc91c907325c69271ddf0c944bc72', 'nouenroute@gmail.com', '0696322556', 38, '1111', 1),
(39, 'Escobar', 'Pablo', '1a1dc91c907325c69271ddf0c944bc72', 'pablo.escob@gmail.com', '0253654875', 39, '1111', 1),
(40, 'Guzman', 'Joaquin ', '1a1dc91c907325c69271ddf0c944bc72', 'joaquin14@gmail.com', '0253698547', 40, '1111', 1),
(41, 'Zanotti', 'Giuseppe', '1a1dc91c907325c69271ddf0c944bc72', 'zanotti.G@gmail.com', '0123114562', 41, '1111', 1),
(42, 'Prudent', 'Julien', '1a1dc91c907325c69271ddf0c944bc72', 'julien.prudent@gmail.com', '0690152415', 42, '1111', 1),
(43, 'Lapile', 'Cécile', '1a1dc91c907325c69271ddf0c944bc72', 'cecile.lapile@gmail.com', '0696254857', 43, '1111', 1),
(44, 'Thalès', 'Karil', '1a1dc91c907325c69271ddf0c944bc72', 'karil.thales@gmail.com', '0123524568', 44, '1111', 1),
(45, 'Vald', 'Sullyvan', '1a1dc91c907325c69271ddf0c944bc72', 'sullyvan.vald@gmail.com', '0325142365', 45, '1111', 1),
(46, 'Bobi', 'TiBanjo', '1a1dc91c907325c69271ddf0c944bc72', 'tibanjo.bobi@gmail.com', '0696548547', 46, '1111', 1),
(47, 'Cleveland', 'Tania', '1a1dc91c907325c69271ddf0c944bc72', 'tania.cleveland@gmail.com', '0693256584', 47, '1111', 1),
(48, 'Lefer', 'Damien', '1a1dc91c907325c69271ddf0c944bc72', 'damien.lefer@gmail.com', '0695485741', 48, '1111', 1),
(49, 'Lapere', 'Cyril', '1a1dc91c907325c69271ddf0c944bc72', 'cyril.lapere@gmail.com', '0695124536', 49, '1111', 1),
(50, 'Capella', 'Tristan', '1a1dc91c907325c69271ddf0c944bc72', 'tristan.capella@gmail.com', '0695142536', 50, '1111', 1);

-- --------------------------------------------------------

--
-- Structure de la table `entreprise`
--

CREATE TABLE `entreprise` (
  `id_entreprise` int(11) NOT NULL,
  `nom_societe` varchar(100) CHARACTER SET utf8 DEFAULT NULL,
  `adresse` varchar(80) CHARACTER SET utf8 DEFAULT NULL,
  `ville` varchar(50) CHARACTER SET utf8 DEFAULT NULL,
  `pays` varchar(50) CHARACTER SET utf8 DEFAULT NULL,
  `code_postal` char(5) CHARACTER SET utf8 DEFAULT NULL,
  `num_siret` char(14) CHARACTER SET utf8 DEFAULT NULL
) ENGINE=InnoDB DEFAULT CHARSET=latin1;

--
-- Contenu de la table `entreprise`
--

INSERT INTO `entreprise` (`id_entreprise`, `nom_societe`, `adresse`, `ville`, `pays`, `code_postal`, `num_siret`) VALUES
(3, 'test', 'TEST', 'test', 'Algérie', '97190', '123456789123'),
(6, 'Auchan', 'rue champs 4', 'bruxelle', 'Belgique', '10254', '4758965658545'),
(7, 'Nasa', '7 square of down', 'Washington', 'Etats-Unis d\'Amérique', '98104', '4758965658545'),
(8, 'Mwaka Moon', '14 avenue pont du chêne', 'Amsterdam', 'Pays-Bas', '10254', '2635489962115'),
(9, 'Kassav', '3 rue Victor Hugo', 'Fort de france', 'Martinique', '97234', '7548562155233'),
(10, 'Hollywood', 'Angeles city', 'Los Angeles', 'Etats-Unis d\'Amérique', '90015', '7586954256356'),
(11, 'La Galléria', '17 rue Charles de Gaulle', 'Paris', 'France', '75020', '34849891600025'),
(12, 'Amazon', '7 street ', 'scilo', 'Anguilla', '10623', '85421563254256'),
(13, 'Musée du Louvre', '15 rue Aimé Césaire', 'Paris', 'france', '75001', '62351245852630'),
(14, 'Bibliothèque Schoelcher', '1 Rue de la liberté', 'Fort de france', 'Martinique', '97234', '58693264251006'),
(15, 'Bibliothèque Schoelcher', '1 Rue de la liberté', 'Fort de france', 'Martinique', '97234', '58693264251006'),
(16, 'TF1', '3 Boulogne-billancourt ', 'Boulogne', 'France', '92012', '56953265412545'),
(17, 'Carrefour', '8 avenue montaigne', 'Genève', 'Suisse', '10541', '10256326854214'),
(18, 'Géant Casino', 'rue de la ville', 'Barika', 'Algérie', '02014', '54215623548526'),
(19, 'Warner Music', '4 calle juan', 'San Miguelito', 'Panama', '10253', '01254652362541'),
(20, 'Centre Spatial Guyanais', 'Route de l\'espace', 'Kourou', 'Guyane française', '97387', '52635412589652'),
(21, 'Peugeot ', 'Route de la Gabarre', 'Les Abymes', 'Guadeloupe', '97139', '23658457965821'),
(22, 'Looney Tunes Entreprise', 'kloij dijuyt', 'Linz', 'Autriche', '10245', '12563425369854'),
(23, 'Marina', 'port de plaisance', 'Le Marin', 'Martinique', '97290', '25369875625462'),
(24, 'Wonderful ', 'homuil fiolk', 'Riyad', 'Arabie saoudite', '12211', '12563526994458'),
(25, 'Medicdespués', 'calle che guevara', 'La Havane', 'Cuba', '55231', '23699566215532'),
(26, 'Marvel Entertainment', '5 rue de grange bateliere', 'PAris', 'France', '75009', '25698866235415'),
(27, 'Cinéstar', 'ZAC de Dothémare', 'Les Abymes', 'Guadeloupe', '97139', '42569865326584'),
(28, 'Compt\'in', '15 th street', 'Bugue', 'Equateur', '12356', '25698543658659'),
(29, 'TF1', '3 Boulogne-billancourt ', 'Boulogne', 'France', '92012', '56953265412545'),
(30, 'Fun\'d co', '5 rue de grange bateliere', 'Le Mans', 'France', '72010', '15869553266744'),
(31, 'Univers du Poète', '10 th street', 'Los lages', 'Gibraltar', '30399', '15652356485489'),
(32, 'BUT', '1 rue a la base', 'Caleta ', 'Antarctique', '56012', '14596575863569'),
(33, 'Darty', 'District 4 th street', 'Lisbonne', 'Portugal', '10001', '12563569586452'),
(34, 'Naturalia', 'San marco 41 Farsetti', 'Venise', 'Italie', '10253', '23659854125632'),
(35, 'Redbox ', '25 th street, 6 th square', 'Tripoli', 'Libye', '22154', '12563524586955'),
(36, 'Décathlon', 'Santa maria pérez', 'Harar', 'Ethiopie', '32012', '56235695685425'),
(37, 'La Cigale', '120, Boulevard de Rochechouart', 'Paris', 'France', '75018', '01492589993252'),
(38, 'SD Squad', '21 th street', 'Sopim', 'Jersey', '12514', '12566533325998'),
(39, 'Escobar Inc', '24 kartel de la calle', 'Medellin', 'Colombie', '05013', '15263542236588'),
(40, 'El Chapo & co', '2 avenida del plata', 'Guatemala', 'Mexique', '01001', '12563223254857'),
(41, 'Giuseppe entreprise', '4 rue champs elysée', 'Paris', 'France', '75011', '47869697412563'),
(42, 'Bnp Paribas', '4 rue de la vie', 'Pointe à Pitre', 'Guadeloupe', '97110', '12563584759658'),
(43, 'La Banque Postale', 'rue Eugène Larcher', 'Les Anses d\'Arlet', 'Martinique', '97217', '12563245869584'),
(44, 'BBC', '54 th Street, 4 th Floor', 'New York', 'Etats-Unis d\'Amérique', '14235', '12536224556223'),
(45, 'Madiana ', '6 th Street', 'Mok', 'Arabie saoudite', '20014', '12456854599567'),
(46, 'L\'atrium', '25 th street, 5 th Floor', 'Kyoto', 'Hong Kong', '20045', '15245786596588'),
(47, 'Walpixland', '24 rue du Pédalo', 'Cayenne', 'Guyane française', '97324', '12545866993255'),
(48, 'Snack Elizé', 'Rue du Mangébon', 'Ducos', 'Martinique', '97230', '12545632548754'),
(49, 'Wall Street', '5 avenue du Grand', 'Monte Carlo', 'Monaco', '12545', '12300112569988'),
(50, 'Sport 4000', '4 avenue du Pasteur', 'Dudelange', 'Luxembourg', '65021', '75869542563258');

-- --------------------------------------------------------

--
-- Structure de la table `etudiant`
--

CREATE TABLE `etudiant` (
  `num_etudiant` char(8) NOT NULL,
  `nom_etudiant` varchar(50) CHARACTER SET utf8 NOT NULL,
  `prenom_etudiant` varchar(50) CHARACTER SET utf8 NOT NULL,
  `mdp_etudiant` varchar(100) CHARACTER SET utf8 NOT NULL,
  `mail_etudiant` varchar(320) CHARACTER SET ucs2 NOT NULL,
  `inscription_alerte` tinyint(1) DEFAULT NULL,
  `code` varchar(300) NOT NULL,
  `confirmation` tinyint(1) NOT NULL
) ENGINE=InnoDB DEFAULT CHARSET=latin1;

--
-- Contenu de la table `etudiant`
--

INSERT INTO `etudiant` (`num_etudiant`, `nom_etudiant`, `prenom_etudiant`, `mdp_etudiant`, `mail_etudiant`, `inscription_alerte`, `code`, `confirmation`) VALUES
('00000000', 'tuto', 'gigi', '1a1dc91c907325c69271ddf0c944bc72', 'gigituto@gmail.com', 0, '3039', 1),
('00021452', 'Tuto', 'Gigi', '1a1dc91c907325c69271ddf0c944bc72', 'gigituto@gmail.com', 0, '3734', 1),
('11111111', 'Marie-Nelly', 'Margaux', '098f6bcd4621d373cade4e832627b4f6', 'lasserre.ludivine.ll@gmail.com', 1, '363734353739323430363439353436', 1),
('11475568', 'Maness', 'Soso', '1a1dc91c907325c69271ddf0c944bc72', 'soso.maness@gmail.com', 0, '3737', 1),
('12256458', 'Lavoine', 'Jean Batiste', 'pass\r\n', 'jeanb.lavoine@gmail.com', 0, '24515', 1),
('12456556', 'Lad', 'Koba', '1a1dc91c907325c69271ddf0c944bc72', 'koba.lad@gmail.com', 0, '3439', 1),
('12544565', 'Folle', 'Paul', '1a1dc91c907325c69271ddf0c944bc72', 'paul.folle@gmail.com', 0, '3334', 1),
('12584578', 'Lavoine', 'Jean Batiste', '1a1dc91c907325c69271ddf0c944bc72', 'jeanb.lavoine@gmail.com', 0, '3231', 1),
('14527381', 'Pierre-Louis', 'Lara', '098f6bcd4621d373cade4e832627b4f6', 'lara@gmail.com', 1, '3639', 1),
('15263524', 'Rose', 'Céhani', '1a1dc91c907325c69271ddf0c944bc72', 'cehani.rose@gmail.com', 0, '3435', 1),
('22355688', 'Zulu', 'Shaka', '1a1dc91c907325c69271ddf0c944bc72', 'shaka.zulu@gmail.com', 0, '3638', 1),
('23012405', 'Malone', 'Post', '1a1dc91c907325c69271ddf0c944bc72', 'post.malone@gmail.com', 0, '3135', 1),
('23365412', 'Balaoufrit', 'Patrick', '1a1dc91c907325c69271ddf0c944bc72', 'patrick.balaoufrit@gmail.com', 0, '3831', 1),
('23562455', 'Riner', 'Teddy', '1a1dc91c907325c69271ddf0c944bc72', 'teddy.riner@gmail.com', 0, '3536', 1),
('23566585', 'Soleil', 'Martin', '1a1dc91c907325c69271ddf0c944bc72', 'martin.soleil@gmail.com', 0, '3837', 1),
('23568545', 'Brown', 'Chris', '1a1dc91c907325c69271ddf0c944bc72', 'chris.brown@gmail.com', 0, '3033', 1),
('23568547', 'Debezbar', 'Guy', '1a1dc91c907325c69271ddf0c944bc72', 'guy.debezbar@gmail.com', 0, '3133', 1),
('23596545', 'Loup', 'Sofiane', '1a1dc91c907325c69271ddf0c944bc72', 'sofiane.loup@gmail.com', 0, '3034', 1),
('23658969', 'Dujardin', 'Luc', '1a1dc91c907325c69271ddf0c944bc72', 'luc.dujardin@gmail.com', 0, '3033', 1),
('23659941', 'Morue', 'Mariline', '1a1dc91c907325c69271ddf0c944bc72', 'mariline.morue@gmail.com', 0, '3539', 1),
('23699655', 'Parker', 'Peter', '1a1dc91c907325c69271ddf0c944bc72', 'peter.parker@gmail.com', 0, '3834', 1),
('24568547', 'Parih', 'Neymar', '1a1dc91c907325c69271ddf0c944bc72', 'neymar.parih@gmail.com', 0, '3039', 1),
('25145662', 'Lebuzz', 'Math', '1a1dc91c907325c69271ddf0c944bc72', 'math.lebuzz@gmail.com', 0, '3036', 1),
('25300125', 'Naps', 'Quiffence', '1a1dc91c907325c69271ddf0c944bc72', 'quiffence.naps@gmail.com', 0, '3233', 1),
('25365415', 'Valet', 'Patrick', '1a1dc91c907325c69271ddf0c944bc72', 'patrick.valet@gmail.com', 0, '3736', 1),
('25365847', 'Rose', 'Céhaini', '1a1dc91c907325c69271ddf0c944bc72', 'cehaini.rose@gmail.com', 0, '3537', 1),
('25365865', 'Mondésir', 'Charles', '1a1dc91c907325c69271ddf0c944bc72', 'charles.montdesir@gmail.com', 0, '3635', 1),
('25462524', 'Molip', 'Karil', '1a1dc91c907325c69271ddf0c944bc72', 'karil.molip@gmail.com', 0, '3738', 1),
('25466525', 'Malone', 'Sullyvan', '1a1dc91c907325c69271ddf0c944bc72', 'sullyvan.malone@gmail.com', 0, '3430', 1),
('25633466', 'Wayne', 'Bruce', '1a1dc91c907325c69271ddf0c944bc72', 'wayne.bruce@gmail.com', 0, '3939', 1),
('25635248', 'Bieber', 'Justin', '1a1dc91c907325c69271ddf0c944bc72', 'justin.bieber@gmail.com', 0, '3634', 1),
('25635265', 'Lucas ', 'George', '1a1dc91c907325c69271ddf0c944bc72', 'george.lucas@gmail.com', 0, '3032', 1),
('25675777', 'Richh', 'Roddy', '1a1dc91c907325c69271ddf0c944bc72', 'roddy.richh@gmail.com', 0, '3236', 1),
('25685459', 'Danlo', 'Eric', '1a1dc91c907325c69271ddf0c944bc72', 'eric.danlo@gmail.com', 0, '3231', 1),
('25685477', 'Mont Blanc', 'Antoine', '1a1dc91c907325c69271ddf0c944bc72', 'antoine.montblanc@gmail.com', 0, '3333', 1),
('25688455', 'Marley', 'Bob', '1a1dc91c907325c69271ddf0c944bc72', 'bob.marley@gmail.com', 0, '3039', 1),
('25695845', 'Chanteur', 'Loic', '1a1dc91c907325c69271ddf0c944bc72', 'loic.chanteur@gmail.com', 0, '3632', 1),
('25695875', 'Seul', 'Michel', '1a1dc91c907325c69271ddf0c944bc72', 'michel.seul@gmail.com', 0, '3639', 1),
('25699854', 'Naza', 'Bébi', '1a1dc91c907325c69271ddf0c944bc72', 'bebi.naza@gmail.com', 0, '3039', 1),
('26585695', 'Marsman', 'Bueno', '1a1dc91c907325c69271ddf0c944bc72', 'bueno.marsman@gmail.com', 0, '3736', 1),
('32562012', 'Marlin', 'Jeannine', '1a1dc91c907325c69271ddf0c944bc72', 'jeannine.marlin@gmail.com', 0, '3639', 1),
('32569685', 'Laroue', 'Meryl', '1a1dc91c907325c69271ddf0c944bc72', 'meryl.laroue@gmail.com', 0, '3437', 1),
('32652556', 'Zouti', 'Pierre', '1a1dc91c907325c69271ddf0c944bc72', 'pierre.zouti@gmail.com', 0, '3437', 1),
('35625695', 'Mars', 'Bruno', '1a1dc91c907325c69271ddf0c944bc72', 'bruno.mars@gmail.com', 0, '3236', 1),
('35695565', 'Calache', 'Nycove', '1a1dc91c907325c69271ddf0c944bc72', 'nycove.calache@gmail.com', 0, '3233', 1),
('36500215', 'Sucre', 'Noé', '1a1dc91c907325c69271ddf0c944bc72', 'noe.sucre@gmail.com', 0, '3832', 1),
('36524878', 'Fixette', 'Ziak', '1a1dc91c907325c69271ddf0c944bc72', 'ziak.fixette@gmail.com', 0, '3134', 1),
('36544211', 'Nakamura', 'Aya', '1a1dc91c907325c69271ddf0c944bc72', 'aya.nakamura@gmail.com', 0, '3335', 1),
('36552153', 'West', 'Kanye', '1a1dc91c907325c69271ddf0c944bc72', 'kanye.west@gmail.com', 0, '3835', 1),
('36585458', 'Black', 'Kodak', '1a1dc91c907325c69271ddf0c944bc72', 'kodak.black@gmail.com', 0, '3236', 1),
('36592548', 'Straux', 'Maë', '1a1dc91c907325c69271ddf0c944bc72', 'mae.straux@gmail.com', 0, '3035', 1),
('36652455', 'Mira', 'Gille', '1a1dc91c907325c69271ddf0c944bc72', 'gille.mira@gmail.com', 0, '3330', 1),
('36952415', 'Lepoivre', 'Marc', '1a1dc91c907325c69271ddf0c944bc72', 'marc.lepoivre@gmail.com', 0, '3930', 1),
('36954255', 'Despointe', 'Michelle', '1a1dc91c907325c69271ddf0c944bc72', 'michelle.despointe@gmail.com', 0, '3732', 1),
('36955869', 'Gueko', 'Seth', '1a1dc91c907325c69271ddf0c944bc72', 'seth.gueko@gmail.com', 0, '3130', 1),
('45172786', 'Lasserre', 'Ludivine', '098f6bcd4621d373cade4e832627b4f6', 'kalash@gmail.com', 0, '0', 1),
('45856958', 'Dos Santos', 'Julia', '1a1dc91c907325c69271ddf0c944bc72', 'julia.dosantos@gmail.com', 0, '3036', 1),
('63544566', 'Corleone', 'Freeze', '1a1dc91c907325c69271ddf0c944bc72', 'freeze.corleone@gmail.com', 0, '3736', 1),
('63625514', 'Zobda', 'David', '1a1dc91c907325c69271ddf0c944bc72', 'david.zobda@gmail.com', 0, '3136', 1),
('65333247', 'Létaux', 'Ninho', '1a1dc91c907325c69271ddf0c944bc72', 'ninho.letaux@gmail.com', 0, '3933', 1),
('65819276', 'kalash', 'mwaka', 'b89f7a5ff3e3a225d572dac38b2a67f7', 'mwaka@gmail.com', 0, '0', 1),
('65845965', 'Fury', 'Nick', '1a1dc91c907325c69271ddf0c944bc72', 'nick.fury@gmail.com', 0, '3732', 1),
('65854565', 'Tarpez', 'Jozii', '1a1dc91c907325c69271ddf0c944bc72', 'jozii.tarpez@gmail.com', 0, '3737', 1),
('68955698', 'Premier', 'Cyril', '1a1dc91c907325c69271ddf0c944bc72', 'cyril.premier@gmail.com', 0, '3536', 1),
('78547869', 'Monrose', 'Marie', '1a1dc91c907325c69271ddf0c944bc72', 'marie.monrose@gmail.com', 0, '3836', 1),
('78565485', 'Pinpon', 'Sadek', '1a1dc91c907325c69271ddf0c944bc72', 'sadek.pinpon@gmail.com', 0, '3334', 1),
('85425156', 'Santa Maria', 'Joseph', '1a1dc91c907325c69271ddf0c944bc72', 'joseph.santamaria@gmail.com', 0, '3935', 1),
('85425625', 'St James', 'Pierre', '1a1dc91c907325c69271ddf0c944bc72', 'pierre.stjames@gmail.com', 0, '3234', 1),
('85455625', 'Pychon', 'Evile', '1a1dc91c907325c69271ddf0c944bc72', 'evile.pychon@gmail.com', 0, '3039', 1),
('85456958', 'Allison', 'Rachelle', '1a1dc91c907325c69271ddf0c944bc72', 'rachelle.allison@gmail.com', 0, '3639', 1),
('85475699', 'Wiz', 'Khalifa', '1a1dc91c907325c69271ddf0c944bc72', 'khalifa.wiz@gmail.com', 0, '3934', 1),
('85477699', 'Babin', 'Zara', '1a1dc91c907325c69271ddf0c944bc72', 'zara.babin@gmail.com', 0, '3537', 1),
('85623544', 'Batiste', 'Jean', '1a1dc91c907325c69271ddf0c944bc72', 'jean.batiste@gmail.com', 0, '3231', 1),
('85662354', 'Akamanman', 'Jacque', '1a1dc91c907325c69271ddf0c944bc72', 'jacque.akamanman@gmail.com', 0, '3339', 1),
('85695754', 'Calache', 'Nelkrimi', '1a1dc91c907325c69271ddf0c944bc72', 'nelkrimi.calache@gmail.com', 0, '3937', 1),
('88763598', 'Lesel', 'Pasta', '1a1dc91c907325c69271ddf0c944bc72', 'pasta.lesel@gmail.com', 0, '3835', 1),
('96547585', 'Stark', 'Tony', '1a1dc91c907325c69271ddf0c944bc72', 'tony.stark@gmail.com', 0, '3432', 1),
('96562355', 'Filo', 'Pierre', '1a1dc91c907325c69271ddf0c944bc72', 'pierre.filo@gmail.com', 0, '3332', 1),
('98563354', 'Grande', 'Ariana', '1a1dc91c907325c69271ddf0c944bc72', 'ariana.grande@gmail.com', 0, '3034', 1),
('98566932', 'Castor', 'Paire', '1a1dc91c907325c69271ddf0c944bc72', 'paire.castor@gmail.com', 0, '3235', 1);

-- --------------------------------------------------------

--
-- Structure de la table `stage`
--

CREATE TABLE `stage` (
  `id_stage` int(11) NOT NULL,
  `sujet` varchar(100) CHARACTER SET utf8 NOT NULL,
  `contenu` text CHARACTER SET utf8 NOT NULL,
  `pref_etu` varchar(50) CHARACTER SET utf8 DEFAULT NULL,
  `date_debut` date DEFAULT NULL,
  `date_fin` date DEFAULT NULL,
  `date_supp` date DEFAULT NULL,
  `methode_cand` text CHARACTER SET utf8,
  `type` varchar(100) CHARACTER SET utf8 DEFAULT NULL,
  `id_contact` int(11) NOT NULL
) ENGINE=InnoDB DEFAULT CHARSET=latin1;

--
-- Contenu de la table `stage`
--

INSERT INTO `stage` (`id_stage`, `sujet`, `contenu`, `pref_etu`, `date_debut`, `date_fin`, `date_supp`, `methode_cand`, `type`, `id_contact`) VALUES
(1, 'test', 'test', 'test', '2022-03-26', '2022-03-31', '2022-03-31', 'test', 'stage', 3),
(4, 'Recherche', 'test', 'M2 INFO', '2022-03-31', '2022-04-30', '2022-04-30', 'Recherche', 'contrat de recherche', 3),
(7, 'Développement Web', 'Recherche d\'un développeur web pour réaliser un projet en équipe. Ce projet consiste à réaliser un site web fonctionnel pour l\'entreprise. \r\nLes compétences dans les domaines attendues : HTLM, Javascript, CSS, Javascript jQuery. ', 'Bac +3 Informatique', '2022-03-30', '2022-04-30', '2022-03-29', 'Candidature directement sur ce site avec CV et Lettre de motivation.', 'Stage', 21),
(8, 'Chargé(e) de projets coordination et optimisation des flux', 'Vous serez amené(e) à:\r\n- Suivre les projets opti supply (amélioration des coûts et transformation de la supply chain)\r\n- Révision des fréquences de livraisons\r\n- Suivi des commandes box palettes en vue de l\'optimisation des coûts supply\r\n- Suivi du flux virtuel cristalline en vue de l\'optimisation des coûts supply (challenger les magasins inscrits notamment)\r\n- Participer aux tables rondes avec nos magasins (tracer les irritants et mener des actions correctrices avec les entrepôts)\r\n- Mettre en place le cadencement des livraisons des magasins saisonniers sur la période estivale\r\n- Améliorer la disponibilité linéaire des magasins market en suivant notamment la détention du TOP 3000 (magasins intégrés) et participer au déploiement de l\'outil Nielsen à la Franchise.', 'Bac +4/5 Commerce spécialité logistique', '2022-04-01', '2022-06-01', '2022-03-29', 'Envoyer votre CV et lettre de motivation à l\'adresse mail suivante : \r\n\r\nstage@carrefour.com', 'Stage', 17),
(9, 'Assistant(e) commercial(e) et Administratif H/F', 'Vous participerez à l\'ensemble des tâches relatives à l\'administration des ventes (traitement de dossiers commerciaux de livraison véhicules neufs ou véhicules d\'occasion) :\r\n- Saisie et traitement des commandes clients.\r\n- Préparation du dossier administratif.\r\n- Clôture et encaissement.', 'Bac+2 Assistant de gestion/Assistant manager', '2022-03-31', '2022-05-31', '2022-03-29', 'Candidature directement sur ce site avec CV et Lettre de motivation', 'Stage', 21),
(10, 'Développeur python', 'Dans le cadre du développement d\'un logiciel innovant pour un projet orienté Industrie 4.0, vous êtes en charge de développer des modules d\'une API en Python. Vous rejoindrez une équipe d\'environ 5 jeunes ingénieurs dynamiques et experts sur ce sujet, avec qui vous ne cesserez d\'apprendre et d\'évoluer. Vous travaillerez notamment sur les technologies suivantes : Python, PostgreSQL, FastAPI, VsCode... . Les experts en développement sont le coeur de notre entreprise. Votre travail sera mis en valeur et vous recevrez une gratification à la hauteur de votre performance.', 'Bac +4/5 expertise en informatique', '2022-04-15', '2022-07-15', '2022-04-12', 'Envoyer votre CV et lettre de motivation à l\'adresse mail suivante : \r\nstage@infoP.com', 'Stage', 35),
(11, 'Centre Banque Privée', '- Participez à l\'accompagnement des clients en gestion patrimoniale et financière.\r\n- Promouvez le digital et le selfcare.\r\n- Êtes acteur de la qualité du service, de la satisfaction client et de la recommandation.\r\n- Veillez au respect des règles de conformité et de risques.', 'Bac +3 Commerce', '2022-04-02', '2022-06-02', '2022-03-30', 'Candidature directement sur ce site avec CV et Lettre de motivation', 'Stage', 13),
(12, 'Commis de cuisine / Cuisinier', 'nous recherchons un cuisinier désireux de participer au développement de l\'aventure en étant proactif, capable de participer à l\'élaboration et l\'évolution de la carte et de proposer des optimisations au fonctionnement de l\'entreprise.', 'Bac +3 Cuisine', '2022-05-01', '2022-07-01', '2022-04-29', 'Envoyer votre CV et lettre de motivation à l\'adresse mail suivante :\r\nstage@Star.com', 'Alternance', 38),
(13, 'Ingénieur Web', '• Developpement logiciel web (JS/TS) : frontend (React) / backend (Express-Node-NoSQL) et backoffice\r\n• Améliorer les modules existants et développer les nouvelles fonctionnalités métiers\r\n• Gestion et optimisation d’architecture pour grand volume de données\r\n• Familiarisation avec l’infrastructure GCP, firestore, cloud function, app engine\r\n• Découvrir et améliorer le composant de machine learning et de computer vision', 'Bac +4 Informatique', '2022-04-01', '2022-06-01', '2022-03-30', 'Envoyer votre CV et lettre de motivation à l\'adresse mail suivante :\r\n\r\nstage@recrut.com', 'Stage', 27),
(14, 'Vendeur magasin H/F', 'Comment réussir sur ce poste :\r\n• En participant activement aux projets collectifs en proposant de nouvelles idées,\r\n• En garantissant la qualité, la propreté et la sécurité de votre rayon,\r\n• En allant chercher l\'information, et en vous formant continuellement sur vos produits,\r\n• En apprenant à connaître vos clients, leurs enjeux, et leurs attentes.', 'Bac +4 commerce', '2022-04-30', '2022-06-30', '2022-04-26', 'Candidature directement sur ce site avec CV et Lettre de motivation', 'Stage', 39),
(15, 'Développement d\'Outil d\'Analyse de Traces H/F', 'L\'objectif de ce stage sera :\r\n- Outil 1 : Adapter un outil existant pour rendre le décodeur de trace indépendant de la version de l\'analyseur logique Salae :.\r\n- Paramétrage dynamique avec fichier xml (ajout du CRB + lecture dans un fichier xml et adapter à l\'existant) : durée < 1 mois.\r\n- Actuellement, outil en ligne de commande, décodeur existant.\r\n- Outil 2 : Analyseur de trace "intelligent" pour visualiser les commandes, les temps d\'exécution, retrouver facilement des informations avec un outil de recherche.\r\n- Lister les fonctionnalités souhaitées => meeting avec l\'équipe pour construire la liste des besoins.\r\n- Outil à créer (pas d\'existant).', 'Bac +3/4 Informatique', '2022-04-12', '2022-05-13', '2022-04-10', 'Envoyer votre CV et lettre de motivation à l\'adresse mail suivante :\r\nstage@doat.com', 'Stage', 13),
(16, 'Aide Soignant H/F', 'Les missions proposées :\r\n- Soins d\'hygiène et de confort aux patients.\r\n- Vous aurez en charge l\'accompagnement des patients.\r\n- Vous travaillerez en collaboration avec l\'équipe soignante.', 'Bac +3 Medecine', '2022-04-01', '2022-06-01', '2022-03-30', 'Candidature directement sur ce site avec CV et Lettre de motivation', 'Alternance', 16),
(17, 'Pharmacien', '- Suivi de la qualification d\'un nouveau module Oyan oxygène\r\n- Mise en place et qualification du Datamatrix\r\n- Optimisation des analyses de la matière première CO2\r\n- Optimisation du suivi des non conformités au tri\r\n- Harmonisation de la procédure d\'archivage des dossiers de lot des produits de santé (médicament, dispositifs médicaux) en lien avec le prestataire Everial au niveau national.', 'Bac +4 medecine', '2022-04-15', '2022-05-15', '2022-04-10', 'Candidature directement sur ce site avec CV et Lettre de motivation', 'Stage', 30),
(18, 'Coach Sportif', '• En fonction des besoins des équipes et du niveau d\'expérience, les accompagnements seront variés : allant du simple conseil, animation d\'atelier, coaching d\'équipe, formation, au coaching d\'organisation.\r\n\r\n• Pour répondre aux besoins de différentes équipes du département, le coach agile est intégré dans une équipe de coachs.\r\n\r\n• Le coach participera également au développement de la culture agile chez OCB, en lien avec OBS, en organisant et animant des évènements plus ponctuels de type acculturation, présentation, rencontres, rédaction d\'articles de blog,...\r\n\r\n• Le coach participera au déploiement des formations agiles en France et à l\'international, en partenariat avec les autres entités OBS, et écoles internes\r\n\r\n• Chaque accompagnement fera l\'objet d\'un cadrage, mandat de coaching, et clôture de l\'accompagnement.', 'Bac +3 Staps', '2022-03-30', '2022-05-30', '2022-03-29', 'Candidature directement sur ce site avec CV et Lettre de motivation', 'Alternance', 11),
(19, 'Comptable F/H ', '• saisie et imputations des factures fournisseurs\r\n• gestion de la trésorerie et la caisse\r\n• saisie des flux et\r\nrapprochements bancaires\r\n• Lettrage, et relance des comptes clients et fournisseurs\r\n• Analyse des balances', 'Bac +2/3 Comptabilité', '2022-04-01', '2022-06-01', '2022-03-30', 'Candidature directement sur ce site avec CV et Lettre de motivation', 'Stage', 35),
(20, 'Assistant Banquier', '• Préparerez des présentations commerciales (Clients/Prospects) en lien avec les métiers M&A et financements structurés,\r\n• Contribuerez à l\'exécution d\'opérations haut de bilan,\r\n• Assisterez les Banquiers Conseil dans le suivi administratif et commercial de la clientèle (préparation des dossiers de crédit, analyse financière, stratégique et sectorielle).', 'Bac +3/4 Commerce', '2022-05-01', '2022-07-01', '2022-04-30', 'Envoyer votre CV et lettre de motivation à l\'adresse mail suivante :\r\n\r\nstage@Banquier.com', 'Stage', 28),
(21, 'Gestions des risques', 'vos missions se feront en plusieurs étapes :\r\n1 - Vous solliciterez les différents services industriels afin de formaliserez les risques et gérerez la base documentaire sous TOL, en prenant en compte l’existant et ciblant les affaires à forts impacts.\r\n2 - Vous définirez, planifierez et vous vous assurerez de la mise en œuvre du plan d\'action.\r\n3 - Vous procéderez à la coordination des différentes parties prenantes (Achats, Industrie, Gestion de site...) et rendrez compte de l’avancement des projets.\r\n4 - Vous participerez activement à la préparation des audits et des exercices de crise.', 'Bac +4/5 Commerce', '2022-04-01', '2022-06-01', '2022-03-30', 'Envoyer votre CV et lettre de motivation à l\'adresse mail suivante :\r\nstage@appeldurisque.com', 'Alternance', 39),
(22, 'ANALYSTE FINANCIER', 'votre mission consiste principalement à :\r\n- Analyser les dossiers de consultation en particulier sur les aspects économiques,\r\nCoordonner et challenger le chiffrage des coûts de revient proposés par les opérationnels,\r\n- Modéliser la structure financière de l’offre,\r\n- Réaliser des analyses de sensibilité au regard de la rentabilité attendue pour le contrat,\r\n- En concertation avec le Chef de Projet et la Direction Développement, proposez un niveau de marge et le prix de vente\r\n- Contribuer à l’élaboration du dossier de synthèse de l’offre destiné aux comités internes Suez de décision (COMOP)\r\n- Participer à la rédaction des éléments financiers et produire les pièces financières de l’Offre\r\n\r\n- Répondre aux éventuelles questions financières du client\r\n- Suivre les offres jusqu’à la signature du contrat\r\n- Assurer un retour d’expérience sur chacun des dossiers en vue de capitaliser sur les résultats, améliorer les pratiques et accroître la performance\r\n- Concevoir, développer et améliorer les outils de dimensionnement financier', 'Bac +5 Commerce', '2022-03-30', '2022-06-30', '2022-03-29', 'Candidature directement sur ce site avec CV et Lettre de motivation', 'Stage', 33),
(23, 'Expert Comptable - H/F', 'Au sein d\'une équipe à taille humaine, vous procédez à la révision comptable, à établissement des comptes annuels et à la remise de bilans auprès de vos clients.\r\n\r\nVous êtes impliqués dans les missions de conseil et de développement du portefeuille.', 'Bac +4 commerce', '2022-04-01', '2022-06-01', '2022-03-30', 'Candidature directement sur ce site avec CV et Lettre de motivation', 'Stage', 25),
(24, 'Conseiller financier', 'Au sein d\'un bureau de Poste, au coeur de l\'espace dédié La Banque Postale, vous vous familiarisez progressivement avec les produits bancaires et développez une approche directe avec la clientèle.\r\n\r\nEn binôme avec un conseiller bancaire vous vous exercez aux techniques commerciales pour apporter des réponses concrètes aux clients et vendre des solutions adaptées à leurs besoins.\r\n\r\nVous apprenez également à prospecter et développer un portefeuille client.\r\n\r\nSous la responsabilité d\'un tuteur référent, des formations aux outils et aux techniques vous seront dispensées.', 'Bac +4 commerce', '2022-04-01', '2022-05-01', '2022-03-30', 'Envoyer votre CV et lettre de motivation à l\'adresse mail suivante :\r\nstage@finance.com', 'Stage', 43),
(25, 'DEVELOPPEMENT INFORMATIQUE (H/F)', '• En s\'appuyant sur la description hiérarchique des sociétés du groupe stockée au sein de notre référentiel, produire une vision graphique et arborescente de la structure des entreprises : organisation en départements/équipes, responsables, dimension humaine, salariés qui les composent, et ce, complété des outils de recherche qui permettront d\'accéder selon différents critères aux structures ou aux personnes ciblées. Développement d’applications en langage web (HTML, C#, .NET et Visual studio)\r\n• Dans le cadre de la refonte du site documentaire du groupe, mener une étude et mettre en œuvre un Proof Of Concept concernant le stockage des documents dans une base NoSql.\r\n• Dans le cadre d’un applicatif d’instruction de crédit, étudier et mettre en œuvre les nouveaux composants graphiques, avec mise en place de l’accessibilité et renforcement de la sécurité applicative. Développement d’applications en langage web (HTML, C#, .NET et Visual studio)\r\n• Dans le cadre d’un applicatif permettant la génération automatique de groupes d’utilisateurs selon des critères bien définis, étudier et mettre en œuvre un outil d’aide à la décision au travers de questions en français pour aider les utilisateurs à cibler les bons critères de sélection. Développement d’applications en langage web (HTML, C#, .NET et Visual studio)\r\n• Etudier et mettre en place des outils de monitoring et surveillance de nos solutions collaboratives groupe comprenant le réseau social d’entreprise (App mobile et desktop), le réseau social de nos sociétaires (App mobile et desktop), la bibliothèque multimédia, et les sites SharePoint. Développement d’applications en langage web (HTML, C#, .NET et Visual studio)\r\n• Relation client dans un monde Digital Au côté de 15 collaborateurs, vous serez intégré/intégrée dans l’équipe de développement en charge des outils de gestion des clients et prospects du groupe. Votre mission vous amènera à intervenir sur nos interfaces intranet, extranet, web et APPS. Vous vous appuierez sur nos solutions technologiques innovantes telles que l’OCR, le cognitif et participerez au portage sur notre CLOUD privé.\r\n• RELATIONSHIP MANAGEMENT(RM) – Urbanisation/Transformation', 'Bac +4/5 In', '2022-05-15', '2022-07-15', '2022-05-10', 'Candidature directement sur ce site avec CV et Lettre de motivation', 'Contrat', 40),
(26, 'Assistant Responsable Produit Microsoft Dynamics 365 H/F', 'En nous rejoignant, vous vous verrez confier les missions suivantes :\r\n- Veille : Gestion des nouveautés (gouvernance, qualification, tests, promotion...).\r\n- Industrialisation des tests (automatisation des tests de non-régression à travers des outils comme RSAT).\r\n- Recette et stabilisation (pilotage des campagnes de recette de nouveautés, identification des faiblesses et des anomalies, mise à jour de la documentation, gestion du backlog...).', 'Bac +3 Commerce', '2022-04-01', '2022-05-01', '2022-03-30', 'Envoyer votre CV et lettre de motivation à l\'adresse mail suivante :\r\nstage@ARPM.com', 'Stage', 31),
(27, 'Technicien(ne) informatique & réseaux', '· Porter assistance de niveau 1 aux utilisateurs, tels des super-héros nous intervenons en cas de besoin !\r\n\r\n· Rédiger des rapports d’incidents et de suivi des tâches\r\n\r\n· Participer à la rédaction de la documentation (doc. Technique et doc. Utilisateur)\r\n\r\n· Réceptionner, préparer et installer le matériel informatique pour que nos super collègues puissent travailler dans les meilleures conditions possibles\r\n\r\n· Participer au déploiement et maintien en condition opérationnelle des environnements de travail\r\n\r\n· Garder un œil et superviser les systèmes et réseaux\r\n\r\n· Vérifier les sauvegardes', 'Bac +2/3 Informatique', '2022-05-01', '2022-06-01', '2022-04-30', 'Candidature directement sur ce site avec CV et Lettre de motivation', 'Stage', 37),
(28, 'Ingénieur Cloud Devops H/F', 'Objectifs : En vue d’illustrer notre savoir-faire autour de l’Eco-Design IT, l’objectif du stage est de concevoir et développer un démonstateur de banc de mesure de consommation énergétique de services numériques. Obtenir une vision complète de l’empreinte carbone de ces services répartis requiert d’effectuer des mesures dans chacun des points de présence (mobile, on-premise, VM, Cloud, …) et de les agréger dans une base de données unique. Ce banc sera implémenté sous forme de Microservices dans un contexte de développement et déploiement DevOps.\r\n\r\nAprès une phase d’étude (état de l’art) et de conception pour proposer différentes solutions, le projet passera en phase de réalisation par plusieurs itérations.\r\n', 'Bac +4/5', '2022-04-01', '2022-06-01', '2022-03-31', 'Envoyer votre CV et lettre de motivation à l\'adresse mail suivante :\r\nstage@DC.com', 'Stage ', 42),
(29, 'DB2 CONTRÔLE DE NORMES (H/F)', 'ce stage s\'articulera en 3 grandes phases, une première phase d\'analyse du besoin (cas d\'usage, normes à gérer, politiques de sécurité, …) et de rédaction des spécifications fonctionnelles en collaboration avec les experts Db2. La seconde phase concernera la conception du modèle de données et l\'architecture des flux de données de l\'outil (quelle est la référence, comment la propager) liée à la contrainte de pilotage centralisé d\'un ensemble de serveurs distribués. Enfin la troisième phase consistera en une intégration de la solution pour un lot pilote (et éventuellement un déploiement en production).', 'Bac +5 Informatique', '2022-04-01', '2022-07-01', '2022-03-30', 'Envoyer votre CV et lettre de motivation à l\'adresse mail suivante :\r\nstage@CDN.com', 'Alternance', 16),
(30, 'Développeur PHP', 'Les tâches qui vous seront confiées sont les suivantes :\r\n\r\n- Participation à la conception technique à partir des spécifications fonctionnelles détaillées\r\n\r\n- Développement de petits évolutifs / correctifs\r\n\r\n- Analyse et résolution d\'incidents liés à la production\r\n\r\n- Estimation de la charge et évaluation des risques de dépassements\r\n\r\n- Vous participez à l’optimisation des process d’industrialisation\r\nProfil recherché', 'Bac +3 Informatique', '2022-05-01', '2022-06-01', '2022-04-29', 'Candidature directement sur ce site avec CV et Lettre de motivation', 'Stage', 29),
(31, 'Architecte Naval H/F', 'En tant que stagiaire tu seras intégré au bureau d\'étude. Tes missions seront les suivantes :\r\n- Phase d\'idéation, création de concept pour l\'aménagement des locaux vie incluant le design des mobiliers.\r\n- Mener des travaux d\'esquisse et d\'aménagement des espaces et volumes disponibles dans le navire.\r\n- Créer des livrables graphiques à base de croquis, planches d\'inspiration.\r\n- Travailler en soutien d\'un technicien bureau d\'études pour la création de plan d\'aménagement des locaux. La maîtrise du logiciel REVIT est un plus.\r\n- Créer des rendus 3D des locaux via une phase de texturation de la maquette 3D pour faire des présentation en réalité virtuelle.', 'Bac +4/5 Architecture Naval/design', '2022-04-01', '2022-07-01', '2022-03-30', 'Envoyer votre CV et lettre de motivation à l\'adresse mail suivante :\r\nstage@acna.com', 'Stage', 34),
(32, 'Ingénieur Administrateur Systeme - H/F', ' vous aurez missions de :\r\n• Administrer, documenter et gérer les évolutions du lab;\r\n• Préparer et répéter les opérations d’extension, mise à jour logicielle en lab avant application par l’équipe sur les équipements de production;\r\n• Analyser les incidents de production pour en déterminer la cause exacte et leur résolution;\r\n• Participer à l’amélioration et l’industrialisation de nos méthodes et outils.', 'Bac +4/5 Cybersécurité', '2022-05-01', '2022-08-01', '2022-03-30', 'Envoyer votre CV et lettre de motivation à l\'adresse mail suivante :\r\nstage@ASHF.com', 'Contrat', 28),
(33, 'ASSISTANT ARCHITECTE PLANS TECHNIQUES ', '- Participer à la conception des projets dans les phases Esquisse\r\n- Proposer et optimiser des plans d\'aménagement sous forme informatique (implantation commerciale installations techniques superficies...) des magasins\r\n- Participer à la conception des projets enseigne et façade suivant le cahier des charges Maisons du Monde bailleur propriétaire et urbanisme\r\n- Utiliser les outils CAO pour dessiner et optimiser les plans d\'aménagements et les projets visuels des magasins.', 'Bac +3/4 Architecture', '2022-04-01', '2022-06-01', '2022-03-30', 'Candidature directement sur ce site avec CV et Lettre de motivation', 'Alternance', 41),
(34, 'DÉVELOPPEUR JAVA', 'Les missions proposées dans le cadre de l\'alternance sont :\r\n\r\n- Assurer le paramétrage et la conception technique en lien avec les architectes techniques et fonctionnels.\r\n- Etre responsable des évolutions fonctionnelles en lien avec les Business Analyst.\r\n- Assurer la maintenance corrective et évolutive des logiciels\r\n- Participer aux démos associées, incluant les tests de performance.\r\n- Analyser et diagnostiquer afin de proposer une recommandation, un scénario ou un constat adapté.\r\n- Contribuer à la résolution des blocages rencontrés par votre équipe.', 'Bac +3 Informatique', '2022-04-01', '2022-07-01', '2022-03-30', 'Envoyer votre CV et lettre de motivation à l\'adresse mail suivante :\r\nstage@devja.com', 'Alternance', 22),
(35, 'Consultant Si Fonctionnel H/F', 'Vos missions seront d\'assister les chefs de projet fonctionnel dans leurs projets, notamment sur les activités suivantes :\r\n- Cadrage, étude et planification des projets de mise en place de solution logicielle.\r\n- Paramétrage et configuration.\r\n- Réalisation des cahiers de recette, réalisation des tests SI et accompagnement des tests métier.\r\n- Etude et réalisation des reprises de données.\r\n- Préparation et réalisation des interface inter-applicatives.\r\n- Etude et support aux utilisateurs-clés et utilisateurs finaux.\r\n- Etude et réalisation des reportings métier (PowerBI).', 'Bac +3/4 Informatique', '2022-05-01', '2022-07-01', '2022-03-30', 'Candidature directement sur ce site avec CV et Lettre de motivation', 'Stage', 27),
(36, 'Automatisation tests de performance', '-étudier les meilleures solutions de bouchonnage à employer (développements spécifiques, outils du marché) afin de « mixer » ces tests de « bout en bout » (moins nombreux) avec des tests bouchonnés (sur notre SI seul) représentatifs afin de lever des contraintes opérationnelles liées à l\'exécution de ces tirs\r\n-proposer un POC (Proof of Concept) montrant la viabilité d\'une à deux solutions ainsi que son coût.', 'Bac +4 Informatique', '2022-04-01', '2022-06-01', '2022-03-30', 'Envoyer votre CV et lettre de motivation à l\'adresse mail suivante :\r\nstage@atp.com', 'Stage', 43),
(37, 'Designer Graphique', '• Conception et modélisation infographique print & digital\r\n• Maîtrise de la Creative Suite (notamment Photoshop, Illustrator & Indesign)\r\n• Suivre et contrôler les étapes de la chaîne graphique\r\n• Conception, adaptation et mise à jour des supports de communication et des packagings\r\n• Vérifier que les document suivent la charte graphique (garant de la charte)\r\n• Respect des délais et de la planification du travail\r\n• Collaborer dans le cadre d’un travail en équipe (partage des informations)\r\n• Gérer la bibliothèque d’images/de visuels', 'Bac +3/4 Spécialité Design', '2022-04-01', '2022-07-01', '2022-03-30', 'Candidature directement sur ce site avec CV et Lettre de motivation', 'Stage', 20),
(38, 'Développeur Fullstack F/H', 'Membre à part entière d’un projet réalisé pour l’un de nos clients, tu seras intégré au sein d’une de nos équipes comme développeur junior.\r\nA ce titre, tu auras l’occasion de mettre en oeuvre les compétences suivantes :\r\nL’analyse fonctionnelle et technique en fonction des besoins du client\r\nLa conception : validation du besoin, proposition de solutions techniques lors des cérémonies AGILE de refinement.\r\nLe développement et test unitaires d’User Stories en utilisant des technologies récentes telles que :\r\noJava 11 (ou plus)\r\noReact 17 ou Vue.JS 3 ou Angular\r\noElastic Search 7 (ou plus)\r\noLiferay 7.4\r\noPostGreSQL/MySQL/Oracle\r\noDocker via Docker Compose\r\noGit via GitLab CI/CD', 'Bac +3/4 Informatique', '2022-05-01', '2022-08-01', '2022-04-30', 'Candidature directement sur ce site avec CV et Lettre de motivation', 'Contrat', 42),
(39, 'Assistance à la Sécurisation des Services Externalisés H/F', ' la mission consistera :\r\n- A référencer les règlements, guides et standards existants en établissant un comparatif de ces derniers.\r\n- A établir les outils d\'étude du niveau de maturité selon les guides, règlement et référentiels retenus.\r\n- A établir/mettre à jour/adapter les outils de gestion des prestations d\'externalisation (PAS, Convention de service, PAQ, PPR, Comitologie, Outil de recette).\r\n- A accompagner des consultants séniors en mission pour éprouver les outils créés.', 'Bac +3 Informatique', '2022-04-01', '2022-08-01', '2022-03-30', 'Envoyer votre CV et lettre de motivation à l\'adresse mail suivante :\r\nstage@asse.com', 'Stage', 31),
(40, 'Ingénieur Data Intelligence (H/F)', 'Après une phase d’intégration qui vous permettra de comprendre notre organisation et nos méthodes, vous participez aux projets de Datascience. A cet effet, sous la responsabilité d’un Ingénieur, vous participez à l’exploitation de données industrielles dans le but de répondre à des problématiques de maintenance prédictive, d’études de corrélation ou bien d’augmentation de vitesse de production', 'BAc +4/5 Informatique', '2022-04-01', '2022-06-01', '2022-03-30', 'Candidature directement sur ce site avec CV et Lettre de motivation', 'Stage', 34),
(41, 'Monteur de réseaux h/f', '- Installer et assurer la maintenance des réseaux électriques (courants forts haute\r\ntension HT et basse tension BT)\r\n- Mettre en place les infrastructures associées aux réseaux d\'éclairage public et de\r\nsignalisation (luminaires, signalisation tricolore, ferroviaire).\r\n- Participer à l\'enfouissement des réseaux souterrains.\r\n- Assurer une relation client de proximité\r\n- Participer à la sécurité du chantier (personnel, matériel et environnement)', 'Bac +2/3 Informatique', '2022-04-01', '2022-06-01', '2022-03-30', 'Candidature directement sur ce site avec CV et Lettre de motivation', 'Alternance', 36),
(42, 'Ingénieur Logiciel Cybersécurité KMS - H/F', 'Votre mission consistera à :\r\n• Faire un état de l’art des KMS ;\r\n• Etudier le besoin et présenter les différentes solutions ;\r\n• Créer un prototype', 'Bac +3/4 Informatique', '2022-04-01', '2022-07-01', '2022-03-31', 'Envoyer votre CV et lettre de motivation à l\'adresse mail suivante :\r\nstage@ilc.com', 'Alternance', 9),
(43, 'Ingénieur Mécatronique F/H', 'Vos missions sont les suivantes :\r\n• Créer un fichier de génération de maquette 2D en automatique (Excel, visual Basic)\r\n• Conception de nuage de points par calcul (trigo) en fonction de paramètres évolutifs\r\n• Générer un format d’export vers logiciel fournisseur de sécurité\r\n• Générer un fichier d’export vers logiciel de CAO', 'Bac +4 Informatique', '2022-04-01', '2022-06-01', '2022-03-31', 'Envoyer votre CV et lettre de motivation à l\'adresse mail suivante :\r\nstage@inme.com', 'Stage', 22),
(44, 'Chef de Projet IT Process Management', 'Voici ce sur quoi le stage porte essentiellement :\r\n• la consolidation de la cartographie de nos processus\r\ntransverses\r\n• l\'harmonisation des représentations graphiques de ces\r\nprocessus,\r\n• la formalisation d\'un système de mesure de la\r\nperformance pour chaque processus afin de garantir son efficacité\r\n• le renforcement le la culture d\'amélioration continue\r\net de l\'approche processus au sein de l\'organisation', 'Bac +4 Informatique', '2022-04-30', '2022-06-30', '2022-04-29', 'Candidature directement sur ce site avec CV et Lettre de motivation', 'Stage', 35),
(45, 'Ingénieur Soutien Solutions de Cybersécurité – H/F', 'En nous rejoignant, vos principales missions seront les suivantes :\r\n• Découverte des multiples activités du MCO (Développements correctifs & évolutifs, Intégration & Validation, Gestion de projet, Support client …) ;\r\n• Focus sur les activités d’Intégration & Validation ;\r\n• Mises en situation en équipe intégrée. Organisation et animation d’un Groupe de Travail dédié ;\r\n• Veille sur les outils et méthodes utilisées ;\r\n• Évaluation et mise en place d\'outils et moyens permettant de gagner en efficacité ;\r\n• Synthèse et restitution des résultats aux équipes', 'Bac +4/5 Cybersécurité', '2022-04-01', '2022-06-01', '2022-03-31', 'Envoyer votre CV et lettre de motivation à l\'adresse mail suivante :\r\nstage@issc.com', 'Stage', 36),
(46, 'Service Informatique – Développement & Programmation', 'Vos missions principales porteront sur :\r\n\r\nL’administration et l’optimisation des performances de nos bases de données actuelles\r\n\r\nGestion de projets et support aux utilisateurs:\r\nParticipation à des projets d’évolution du Système d’Information comme l’intégration d’un nouvel ERP.\r\nDévelopper dans le cadre de la mise en œuvre de la roadmap, des outils de gestion des données (Extractions, tableaux de bord) en collaboration avec les différents services sous le logiciel TABLEAU (Business Intelligent Software)\r\nAccompagnement et formation des utilisateurs', 'Bac +4 Informatique', '2022-04-01', '2022-06-01', '2022-03-31', 'Candidature directement sur ce site avec CV et Lettre de motivation', 'Stage', 49),
(47, 'Informatique H/F', 'Participer à l’identification, l’analyse et la recherche de solutions des pannes informatiques qui vous seront soumises\r\nAssurer la maintenance des équipements déployés dans l’atelier, des postes de production à la vidéosurveillance\r\nMonter et configurer de nouveaux matériels sur demande des administrateurs systèmes et réseaux\r\nApporter un support de proximité aux collaborateurs dans leur utilisation quotidienne des outils informatiques niveau hardware (configuration d’imprimantes, préparation du matériel de nouveaux collaborateurs)', 'Bac +3 Informatique', '2022-03-31', '2022-05-31', '2022-03-29', 'Candidature directement sur ce site avec CV et Lettre de motivation', 'Stage', 47),
(48, 'Informatique Industrielle (H/F)', 'Vous travaillerez en collaboration avec votre équipe afin de développer et mettre en place une plateforme de démonstration de nos outils.\r\nVous participerez à l’élaboration des scénarios de présentation', 'Bac +2 informatique', '2022-04-01', '2022-05-01', '2022-03-30', 'Candidature directement sur ce site avec CV et Lettre de motivation', 'Stage', 48),
(49, 'Assistant support utilisateur informatique H/F', 'Être en charge de l\' administration Systèmes (Windows Serveur/VmWare/HyperV/Supervision/AD/Droits Utilisateurs/Etc..).\r\nÊtre en charge de l\' administration Réseaux (Switchs/Routeur/Firewall/Wifi/Orion/Etc..).\r\nÊtre support des utilisateurs (Logiciels/Matériels/Bureautique/Office/Etc..).\r\nGérer le parc informatique (Déploiement Matériels/Build PC/Inventaire/Etc..).\r\nAccompagner les Utilisateurs / Formations.\r\nÊtre en charge de la gestion des prestataires (Definir Besoin/Accompagnement/Réalisation Travaux/etc..).\r\nÊtre en charge de la gestion des projets (Projet Local/Projet DSI Siège).\r\nÊtre en charge de la gestion de l\'infrastructure de La salle informatique.', 'Bac +3 Informatique', '2022-05-01', '2022-06-01', '2022-04-30', 'Candidature directement sur ce site avec CV et Lettre de motivation', 'Stage', 48),
(50, 'Cyber Sécurité et GDPR H/F', 'Audit cyber sécurité de la Digital Factory\r\nAnalyse de risque cyber\r\nSécurisation des systèmes & méthodes\r\nParticipation aux groupe de travail du groupe sur le risque cyber et les outils à mettre en place au sein d’une Digital Factory\r\nSuivi des vulnérabilités découvertes par notre scanner de sécurité\r\nParticipation à gouvernance GDPR de la Digital Factory et du groupe\r\nMaintien en conformité GDPR des assets de la Digital Factory\r\n', 'Bac +4/5 Cybersécurité', '2022-04-01', '2022-07-01', '2022-03-30', 'Candidature directement sur ce site avec CV et Lettre de motivation\r\n', 'Stage', 49),
(51, 'Ingénieur Logiciel-(H/F)', 'Concevoir et développer les briques logicielles pour répondre aux besoins métiers exprimés dans les users-stories\r\nInteragir avec les métiers pour évaluer le coût de leur besoin et concevoir la meilleure solution technique pour répondre au besoin\r\nInteragir au sein de l’équipe de développement localisée en France en étant force de proposition, en progressant grâce aux revues de codes des pairs…\r\nAppréhender les méthodes, les frameworks et environnements techniques de développement d’un projet de grande envergure (spring, hibernate, angular, API…)', 'Bac +4/5 Informatique', '2022-05-01', '2022-07-01', '2022-04-30', 'Candidature directement sur ce site avec CV et Lettre de motivation\r\n', 'Stage', 44),
(52, 'Assistant Informatique H/F', 'Analyser les besoins du client, ses obligations et ses contraintes, réalise la conception technique,\r\nConcevoir et développer une application maison et ainsi développer des outils sur mesure,\r\nParticiper aux tests,\r\nAssister à la mise en œuvre opérationnelle des outils, des procédures et des guides,\r\nRéaliser le suivi d\'avancement des projets confiées et rédiger un reporting formalisé,\r\nConcevoir et développer des applications ANDROID,\r\nVous pourrez être amené à travailler sur des sujets liés à la dématérialisation', 'Bac+5 Informatique', '2022-04-01', '2022-08-01', '2022-03-31', 'Candidature directement sur ce site avec CV et Lettre de motivation\r\n', 'Alternance', 45),
(53, 'Concepteur Développeur informatique ', 'Développer un outil facilitant la traduction des contraintes de limitation de puissance sur une ou plusieurs usines/vallées hydrauliques, notamment en cas de demande d’accords réseau par RTE.\r\n\r\nDévelopper un outil facilitant le référencement des contraintes pérennes et la validité des contraintes temporaires (instruction temporaires d’exploitation).\r\n\r\nAutomatiser certaines actions du processus hebdomadaire actuellement réalisées manuellement.\r\n', 'Bac +4/5 Informatique', '2022-05-01', '2022-03-01', '2022-03-30', 'Candidature directement sur ce site avec CV et Lettre de motivation', 'Stage', 48),
(54, 'System Development (F/H)', 'Vous serez donc en charge de:\r\n\r\nla conception et la spécification de l\'application de gestion des BOM\r\n\r\nla réalisation de cette application, dans un mode Agile (ie scrum)\r\n\r\nle déploiement et la configuration de l\'application\r\n\r\nla production de la documentation associé à l\'application : spécification, vérification, déploiement', 'Bac +5 Informatique', '2022-06-01', '2022-08-01', '2022-05-31', 'Candidature directement sur ce site avec CV et Lettre de motivation', 'Stage', 45),
(55, 'Assistant Architecte plans techniques (h/f)', 'Participer à la conception des projets dans les phases Esquisse,\r\nProposer et optimiser des plans d\'aménagement sous forme, informatique (implantation commerciale, installations techniques, superficies...) des magasins,\r\nParticiper à la conception des projets enseigne et façade suivant le cahier des charges Maisons du Monde, bailleur, propriétaire et urbanisme,\r\nUtiliser les outils CAO pour dessiner et optimiser les plans d\'aménagements et les projets visuels des magasins.', 'Bac +3 Informatique', '2022-04-01', '2022-05-01', '2022-03-31', 'Candidature directement sur ce site avec CV et Lettre de motivation', 'Stage', 49),
(56, 'Développement d\'une maquette d’exécution de workflow (H/F)', 'S\'approprier le contexte de la maquette existante\r\nÉtudier le fonctionnement du framework d\'orchestration\r\nProposer une architecture pour la nouvelle maquette\r\nRéaliser une maquette équivalente avec ce framework\r\nExécuter la maquette afin d\'étudier les métriques I/O, CPU, RAM\r\nExécuter la maquette dans un cluster afin d\'étudier les métriques réseau\r\nRéaliser une comparaison avec l\'autre maquette et d\'autres solutions alternatives\r\nRéaliser une documentation complète sur l\'utilisation du framework', 'Bac +5 Informatique', '2022-05-01', '2022-07-01', '2022-04-30', 'Candidature directement sur ce site avec CV et Lettre de motivation', 'Alternance', 41),
(57, 'Technicien Support IT H/F', 'Assurer l’installation, la configuration et l’entretien des équipements informatiques (matériels et logiciels) ;\r\nGérer et traiter les tickets affectés (demandes des collaborateurs, incidents) ;\r\nAssistance sur site : vous pouvez intervenir sur différents sites situés sur tout le territoire français (majoritairement en( IDF) pour assister les différents collaborateurs\r\nAnalyser et résoudre les incidents en collaboration avec l’équipe IT\r\nRédiger des reporting et être force de proposition pour optimiser notre service\r\nRespecter les règles de sécurité et les procédures de nos services', 'Bac +2/3 Informatique', '2022-04-01', '2022-05-01', '2022-03-31', 'Candidature directement sur ce site avec CV et Lettre de motivation', 'Alternance', 48),
(58, 'Auditeur IT H/F', 'Participer en support à des missions d\'audit, dont vous assurerez quelques chantiers d\'investigation, sous la responsabilité d\'un chef de mission ;\r\nAssister aux entretiens initiaux avec les audités et en assurer la restitution au travers de comptes-rendus documentés ;\r\nMener quelques chantiers d\'investigation, en recueillant des données et en les analysant ;\r\nContribuer à l\'émission de recommandations visant à améliorer la maîtrise des risques et à la formalisation du rapport sur vos chantiers d\'investigation.\r\n', 'Bac +4 Informatique', '2022-05-18', '2022-06-18', '2022-04-30', 'Candidature directement sur ce site avec CV et Lettre de motivation', 'Stage', 43),
(59, 'Sécurité Informatique H/F', 'L\'équipe d’administration Systèmes et Réseaux composée de 15 personnes, recherche un(e) stagiaire pour une durée de 3 à 6 mois, qui participera:\r\n\r\nAu Déploiement de la solution EDR Sentinel One sur nos serveurs\r\n\r\nApprendre, formaliser le processus;\r\n\r\nDéployer la solution sur les serveurs\r\n\r\nA l\'analyse de la faille log4J\r\n\r\nA la finalisation de l\'automatisation des passages de patchs Linux via Forema /Landesk', 'Bac +4 Informatique', '2022-04-01', '2022-07-01', '2022-03-31', 'Candidature directement sur ce site avec CV et Lettre de motivation', 'Stage', 46),
(60, 'SOFTWARE TESTER H/F', 'Participer à la mise en œuvre des tests sur les différents projets\r\nRédiger les plans de test/scripts conformément aux spécifications requises et en regard de la règlementation (ISO 13485, EN62304…).\r\nEffectuer les tests manuels et automatisés dans les différents environnements et avec les différents environments\r\nDétecter, analyser et suivre les anomalies identifiées.\r\nParticiper au débogage et à la clarification des causes racines.\r\nDocumenter l’ensemble de vos activités.\r\nAméliorer continuellement les protocoles de tests visant à leur automatisation.', 'Bac +3/4/5 Informatique', '2022-04-01', '2022-05-01', '2022-03-31', 'Candidature directement sur ce site avec CV et Lettre de motivation', 'Stage', 39),
(61, 'Développement Logiciel Frontend F/H', 'analyse des besoins clients,\r\nréalisation d\'études de faisabilité, conception et codage de technologie(s) logicielle(s),\r\ndiscuter des solutions développées avec les Product Managers et les utilisateurs pour obtenir des retours,\r\nréalisation de tests unitaires, de colis et de performances pour garantir la fiabilité,\r\nproduire la documentation du logiciel et la remettre aux services demandeurs.', 'Bac +3 Informatique', '2022-04-04', '2022-06-29', '2022-03-31', 'Candidature directement sur ce site avec CV et Lettre de motivation', 'Stage', 44),
(62, 'Technicien Helpdesk (H/F)', 'Vous préparez et réparez les postes informatiques des nouveaux arrivants\r\nVous veillez au bon fonctionnement des réseaux et des connexions\r\nVous suivez les opérations de maintenance\r\nVous participez à la mise en place des solutions techniques adaptées aux problèmes rencontrés\r\nVous répondez aux questions et assistez les utilisateurs (périmètre hardware, outil de communication)\r\nVous participez à la mise à disposition des utilisateurs d\'un support technique afin de collecter et de traiter les problèmes rencontrés\r\nVous participez au déménagement de l\'office.', 'Bac +3 Informatique', '2022-03-31', '2022-05-31', '2022-03-30', 'Candidature directement sur ce site avec CV et Lettre de motivation', 'Alternance', 49),
(63, 'Administrateur(trice) Systèmes et réseaux H/F', 'Installation des pc, paramétrage, mise à jour et suivi\r\nSupport niveau 2, Formations\r\nParticipation aux projets infrastructures et déploiements IT\r\nRédaction procédures, mise à jour plans, gestion des sauvegardes\r\nApplication des procédures groupe', 'Bac +2 Informatique', '2022-04-01', '2022-06-01', '2022-03-31', 'Candidature directement sur ce site avec CV et Lettre de motivation', 'Alternance', 49),
(64, 'Ingénieur R&D Cybersécurité (H/F)', 'Accompagner les projets du Groupe, en particulier les projets innovants\r\nAccompagner le déploiement de certains outils de cybersécurité (expérimentations, tests, développement d\'outils d\'automatisation)\r\nDéveloppement d\'outils et services à valeur ajoutée (utilisation des API produits cyber)\r\nContribuer aux projets R&D de l\'équipe cybersécurité par la conception et l\'intégration de nouvelles solutions de sécurité', 'Bac +5 Informatique ', '2022-04-21', '2022-07-21', '2022-04-18', 'Candidature directement sur ce site avec CV et Lettre de motivation', 'Contrat', 32),
(65, 'Assistant(e) Contrôle de Gestion Offre et Marketing (F/H)', 'Participation au processus de clôture annuelle : préparation des états de Reporting, contrôle des affectations comptables analytiques, édition des facturations et demandes d’avoir.\r\nSuivi des conditions commerciales définies entre Sephora et ses partenaires (Testeurs, RFA, opérations promotionnelles, Coop2…)\r\nMise à jour des nouvelles conditions commerciales négociées pour l’année en cours.\r\nSuivi des budgets métiers Offre, Marketing et Achats Indirects\r\nParticipation à l’élaboration des budgets, révisés et plan stratégique : collecte et consolidation des informations pour les services concernés\r\nSuivi de la performance par marque : en collaboration avec les contrôleurs pays et l’équipe Brand Partnerships, collecte et consolidation des données pays, analyse de la profitabilité et présentation des résultats. Participation au training pays sur l’utilisation des outils, notamment avec l’implémentation d’un nouvel outil de pilotage.', 'Bac +4/5 Spécialité finance', '2022-04-01', '2022-05-01', '2022-03-31', 'Candidature directement sur ce site avec CV et Lettre de motivation', 'Stage', 50),
(66, 'Assistant Marketing H/F', 'Suivre la performance des activités sur la partie offre du réseau : bilan d\'activité, analyse de l\'offre, KPIs comportementaux, benchmark, recommandations\r\n\r\nAnalyser l\'activité des achats locaux et établir des suivis mensuels\r\n\r\nParticiper au développement d\'un nouveau processus de référencement local\r\n\r\nConstruire et marketer les fiches magasins afin de préparer les négociations (marques, achats, trade…)\r\n\r\nParticiper au suivi de plans d\'achats et à la cartographie des nouvelles marques et secteurs\r\n\r\nÊtre l\'interface entre les équipes achats et les équipes magasins', 'Bac +4/5 Commerce', '2022-04-11', '2022-06-11', '2022-04-09', 'Candidature directement sur ce site avec CV et Lettre de motivation', 'Alternance', 46),
(67, 'Réception & Web-Marketing (H/F)', 'Garantir la relation client en réception et la satisfaction client\r\nAssurer la prise et le suivi des réservations\r\nRépondre aux appels téléphoniques\r\nSuivre le plan d’action commerciale - marketing pour répondre aux objectifs de notoriété, de croissance et de rentabilité\r\nPiloter et coordonner l’ensemble des actions marketing et webmarketing\r\nMesurer l’efficacité et optimiser les campagnes\r\nAnalyser les données\r\nAnalyser et mesurer l’impact des actions marketing\r\nRéaliser et suivre les différents tableaux de bord\r\nRéaliser une veille sur les campagnes menées par les sites concurrents,\r\nOptimiser l’expérience utilisateur en suivant les parcours client (analytics)\r\nGérer les Réseaux sociaux\r\nParticiper à l’ensemble des projets', 'Bac +3 Commerce', '2022-05-15', '2022-07-15', '2022-05-12', 'Candidature directement sur ce site avec CV et Lettre de motivation', 'Stage', 46),
(68, 'Marketing digital', ' Marketing : création et réalisation des vecteurs d’animation de notre offre, adaptation des offres aux différents marchés (Espagne, Italie, UK, Benelux)\r\n\r\n- Rédaction d’article de Blog pour amélioration du SEO\r\n\r\n- Gestion des réseaux Sociaux\r\n\r\n- Marketing : création et réalisation des vecteurs d’animation de notre offre, adaptation des offres aux différents marchés\r\n\r\n- Rédaction d’article de Blog pour amélioration du SEO', 'Bac +4 Commerce', '2022-04-13', '2022-06-13', '2022-04-11', 'Candidature directement sur ce site avec CV et Lettre de motivation', 'Stage', 41),
(69, 'Assistant e-commerce H/F', 'Participation à la génération de trafic sur les sites (liens sponsorisés, publicités, e-mailings, partenariats & ainsi qu’à leur analyse et reporting)\r\nParticipation au développement de nouvelles fonctionnalités des sites en relation avec les équipes E-commerce et informatique\r\nApporter une approche commerciale aux développements des sites\r\nParticipation à tout autre projet directement lié aux activités E-commerce ou au service Marketing', 'Bac +3 Commerce', '2022-04-01', '2022-06-01', '2022-03-31', 'Candidature directement sur ce site avec CV et Lettre de motivation', 'Stage', 47),
(70, 'Assistant Responsable Marketing', 'Études marketing (ex : benchmark sur un centre de congrès concurrent, carnet de tendances du tourisme d’affaires, analyse de données clients, études statistiques d\'occupation …) et présentation de synthèses formalisées auprès de la Direction Commerciale et/ou du Comité de Direction\r\n\r\n- Support aux commerciaux dans la gestion du CRM (USI) : suivi et mise à jour de contacts, accompagnement des bonnes pratiques sur le CRM\r\n\r\n- Suivi de la photothèque : ajout et sélection de visuels à des fins de communication marketing\r\n\r\n- Création de supports promotionnels et/ou d’outils d’aide à la vente\r\n\r\n- Participation à la préparation de la commercialisation de l’extension et de ses outils\r\n\r\n- Participation à la vie de l’équipe', 'Bac +3/4/5 Commerce', '2022-05-01', '2022-07-01', '2022-04-30', 'Candidature directement sur ce site avec CV et Lettre de motivation', 'Stage', 48),
(71, 'WEB MARKETING F/H', 'Contribution à la rédaction, l\'animation et l\'administration des contenus en ligne (vitrine, conseils, …).\r\nCréation de supports graphiques (emailing, animations web, bannières, flyers, …) pour les communications digitales Champion-Direct.\r\nGestion et suivi du site www.champion-direct.com (détection des bugs techniques, UX, ergonomie, navigation…)\r\nSuivi et analyse de l\'audience des sites (Google Analytics)\r\nParticipation à la création des emailings et des kits de communication display.\r\nRéalisation de benchmark et veille stratégique (concurrence, nouvelles pratiques digitales, nouveaux usages et comportements des consommateurs, identification d\'influenceurs).', 'Bac +2/3 Commerce', '2022-04-01', '2022-06-01', '2022-03-31', 'Candidature directement sur ce site avec CV et Lettre de motivation', 'Alternance', 45),
(72, 'Assistant-e Marketing et Communication H/F', 'Accompagner, développer et mettre en œuvre la communication externe autour de la nouvelle offre : Création des différents supports (flyers / articles / affichages…)\r\n\r\nInformation Voyageur : Création de support pour la nouvelle offre, nouvelles lignes, nouvelles origines / destinations, nouvelles communes (Dépliants horaires / Fiches poteaux / Signalétique/ Plans de proximité/ Schémas de ligne…)', 'Bac +4 Commerce', '2022-04-01', '2022-06-01', '2022-03-31', 'Candidature directement sur ce site avec CV et Lettre de motivation', 'Stage', 32),
(73, 'Assistant Trade Marketing H/F', 'Aide à la création de supports de vente B2B2C : PLV, promotions, etc...\r\nAide à la mise en place et suivi d\'animations commerciales d\'un réseau.\r\nAide au suivi des indicateurs de performance commerciale.\r\nAide à la mise en place de campagne de formation commerciale.\r\nAide à la mise en place de projets organisationnels/ d\'améliorations de la qualité de vie.', 'Bac +4 Commerce', '2022-05-01', '2022-07-01', '2022-04-30', 'Candidature directement sur ce site avec CV et Lettre de motivation', 'Alternance', 46),
(74, 'Graphiste marketing (H/F)', 'Participez à la conception de visuels afin d’accompagner les lancements de produits et services ;\r\nParticipez à l\'élaboration de campagnes de communication grand public et professionnels de santé.\r\nCréez des supports print ou digitaux ;\r\nAdaptez les éléments visuels et assurez une cohérence graphique avec la charte du Groupe ;\r\nAssurez la mise à jour des documents non conformes.', 'Bac +2/3 Marketing', '2022-06-01', '2022-08-01', '2022-05-31', 'Candidature directement sur ce site avec CV et Lettre de motivation', 'Stage', 45);
INSERT INTO `stage` (`id_stage`, `sujet`, `contenu`, `pref_etu`, `date_debut`, `date_fin`, `date_supp`, `methode_cand`, `type`, `id_contact`) VALUES
(75, 'Développement Web', 'Recherche d\'un développeur web pour réaliser un projet en équipe. Ce projet consiste à réaliser un site web fonctionnel pour l\'entreprise. \r\nLes compétences dans les domaines attendues : HTLM, Javascript, CSS, Javascript jQuery. ', 'Bac +3 Informatique', '2022-03-30', '2022-04-30', '2022-03-29', 'Candidature directement sur ce site avec CV et Lettre de motivation.', 'Stage', 21),
(76, 'Chargé(e) de projets coordination et optimisation des flux', 'Vous serez amené(e) à:\r\n- Suivre les projets opti supply (amélioration des coûts et transformation de la supply chain)\r\n- Révision des fréquences de livraisons\r\n- Suivi des commandes box palettes en vue de l\'optimisation des coûts supply\r\n- Suivi du flux virtuel cristalline en vue de l\'optimisation des coûts supply (challenger les magasins inscrits notamment)\r\n- Participer aux tables rondes avec nos magasins (tracer les irritants et mener des actions correctrices avec les entrepôts)\r\n- Mettre en place le cadencement des livraisons des magasins saisonniers sur la période estivale\r\n- Améliorer la disponibilité linéaire des magasins market en suivant notamment la détention du TOP 3000 (magasins intégrés) et participer au déploiement de l\'outil Nielsen à la Franchise.', 'Bac +4/5 Commerce spécialité logistique', '2022-04-01', '2022-06-01', '2022-03-29', 'Envoyer votre CV et lettre de motivation à l\'adresse mail suivante : \r\n\r\nstage@carrefour.com', 'Stage', 17),
(77, 'Assistant(e) commercial(e) et Administratif H/F', 'Vous participerez à l\'ensemble des tâches relatives à l\'administration des ventes (traitement de dossiers commerciaux de livraison véhicules neufs ou véhicules d\'occasion) :\r\n- Saisie et traitement des commandes clients.\r\n- Préparation du dossier administratif.\r\n- Clôture et encaissement.', 'Bac+2 Assistant de gestion/Assistant manager', '2022-03-31', '2022-05-31', '2022-03-29', 'Candidature directement sur ce site avec CV et Lettre de motivation', 'Stage', 21),
(78, 'Développeur python', 'Dans le cadre du développement d\'un logiciel innovant pour un projet orienté Industrie 4.0, vous êtes en charge de développer des modules d\'une API en Python. Vous rejoindrez une équipe d\'environ 5 jeunes ingénieurs dynamiques et experts sur ce sujet, avec qui vous ne cesserez d\'apprendre et d\'évoluer. Vous travaillerez notamment sur les technologies suivantes : Python, PostgreSQL, FastAPI, VsCode... . Les experts en développement sont le coeur de notre entreprise. Votre travail sera mis en valeur et vous recevrez une gratification à la hauteur de votre performance.', 'Bac +4/5 expertise en informatique', '2022-04-15', '2022-07-15', '2022-04-12', 'Envoyer votre CV et lettre de motivation à l\'adresse mail suivante : \r\nstage@infoP.com', 'Stage', 35),
(79, 'Centre Banque Privée', '- Participez à l\'accompagnement des clients en gestion patrimoniale et financière.\r\n- Promouvez le digital et le selfcare.\r\n- Êtes acteur de la qualité du service, de la satisfaction client et de la recommandation.\r\n- Veillez au respect des règles de conformité et de risques.', 'Bac +3 Commerce', '2022-04-02', '2022-06-02', '2022-03-30', 'Candidature directement sur ce site avec CV et Lettre de motivation', 'Stage', 13),
(80, 'Commis de cuisine / Cuisinier', 'nous recherchons un cuisinier désireux de participer au développement de l\'aventure en étant proactif, capable de participer à l\'élaboration et l\'évolution de la carte et de proposer des optimisations au fonctionnement de l\'entreprise.', 'Bac +3 Cuisine', '2022-05-01', '2022-07-01', '2022-04-29', 'Envoyer votre CV et lettre de motivation à l\'adresse mail suivante :\r\nstage@Star.com', 'Alternance', 38),
(81, 'Ingénieur Web', '• Developpement logiciel web (JS/TS) : frontend (React) / backend (Express-Node-NoSQL) et backoffice\r\n• Améliorer les modules existants et développer les nouvelles fonctionnalités métiers\r\n• Gestion et optimisation d’architecture pour grand volume de données\r\n• Familiarisation avec l’infrastructure GCP, firestore, cloud function, app engine\r\n• Découvrir et améliorer le composant de machine learning et de computer vision', 'Bac +4 Informatique', '2022-04-01', '2022-06-01', '2022-03-30', 'Envoyer votre CV et lettre de motivation à l\'adresse mail suivante :\r\n\r\nstage@recrut.com', 'Stage', 27),
(82, 'Vendeur magasin H/F', 'Comment réussir sur ce poste :\r\n• En participant activement aux projets collectifs en proposant de nouvelles idées,\r\n• En garantissant la qualité, la propreté et la sécurité de votre rayon,\r\n• En allant chercher l\'information, et en vous formant continuellement sur vos produits,\r\n• En apprenant à connaître vos clients, leurs enjeux, et leurs attentes.', 'Bac +4 commerce', '2022-04-30', '2022-06-30', '2022-04-26', 'Candidature directement sur ce site avec CV et Lettre de motivation', 'Stage', 39),
(83, 'Développement d\'Outil d\'Analyse de Traces H/F', 'L\'objectif de ce stage sera :\r\n- Outil 1 : Adapter un outil existant pour rendre le décodeur de trace indépendant de la version de l\'analyseur logique Salae :.\r\n- Paramétrage dynamique avec fichier xml (ajout du CRB + lecture dans un fichier xml et adapter à l\'existant) : durée < 1 mois.\r\n- Actuellement, outil en ligne de commande, décodeur existant.\r\n- Outil 2 : Analyseur de trace "intelligent" pour visualiser les commandes, les temps d\'exécution, retrouver facilement des informations avec un outil de recherche.\r\n- Lister les fonctionnalités souhaitées => meeting avec l\'équipe pour construire la liste des besoins.\r\n- Outil à créer (pas d\'existant).', 'Bac +3/4 Informatique', '2022-04-12', '2022-05-13', '2022-04-10', 'Envoyer votre CV et lettre de motivation à l\'adresse mail suivante :\r\nstage@doat.com', 'Stage', 13),
(84, 'Aide Soignant H/F', 'Les missions proposées :\r\n- Soins d\'hygiène et de confort aux patients.\r\n- Vous aurez en charge l\'accompagnement des patients.\r\n- Vous travaillerez en collaboration avec l\'équipe soignante.', 'Bac +3 Medecine', '2022-04-01', '2022-06-01', '2022-03-30', 'Candidature directement sur ce site avec CV et Lettre de motivation', 'Alternance', 16),
(85, 'Pharmacien', '- Suivi de la qualification d\'un nouveau module Oyan oxygène\r\n- Mise en place et qualification du Datamatrix\r\n- Optimisation des analyses de la matière première CO2\r\n- Optimisation du suivi des non conformités au tri\r\n- Harmonisation de la procédure d\'archivage des dossiers de lot des produits de santé (médicament, dispositifs médicaux) en lien avec le prestataire Everial au niveau national.', 'Bac +4 medecine', '2022-04-15', '2022-05-15', '2022-04-10', 'Candidature directement sur ce site avec CV et Lettre de motivation', 'Stage', 30),
(86, 'Coach Sportif', '• En fonction des besoins des équipes et du niveau d\'expérience, les accompagnements seront variés : allant du simple conseil, animation d\'atelier, coaching d\'équipe, formation, au coaching d\'organisation.\r\n\r\n• Pour répondre aux besoins de différentes équipes du département, le coach agile est intégré dans une équipe de coachs.\r\n\r\n• Le coach participera également au développement de la culture agile chez OCB, en lien avec OBS, en organisant et animant des évènements plus ponctuels de type acculturation, présentation, rencontres, rédaction d\'articles de blog,...\r\n\r\n• Le coach participera au déploiement des formations agiles en France et à l\'international, en partenariat avec les autres entités OBS, et écoles internes\r\n\r\n• Chaque accompagnement fera l\'objet d\'un cadrage, mandat de coaching, et clôture de l\'accompagnement.', 'Bac +3 Staps', '2022-03-30', '2022-05-30', '2022-03-29', 'Candidature directement sur ce site avec CV et Lettre de motivation', 'Alternance', 11),
(87, 'Comptable F/H ', '• saisie et imputations des factures fournisseurs\r\n• gestion de la trésorerie et la caisse\r\n• saisie des flux et\r\nrapprochements bancaires\r\n• Lettrage, et relance des comptes clients et fournisseurs\r\n• Analyse des balances', 'Bac +2/3 Comptabilité', '2022-04-01', '2022-06-01', '2022-03-30', 'Candidature directement sur ce site avec CV et Lettre de motivation', 'Stage', 35),
(88, 'Assistant Banquier', '• Préparerez des présentations commerciales (Clients/Prospects) en lien avec les métiers M&A et financements structurés,\r\n• Contribuerez à l\'exécution d\'opérations haut de bilan,\r\n• Assisterez les Banquiers Conseil dans le suivi administratif et commercial de la clientèle (préparation des dossiers de crédit, analyse financière, stratégique et sectorielle).', 'Bac +3/4 Commerce', '2022-05-01', '2022-07-01', '2022-04-30', 'Envoyer votre CV et lettre de motivation à l\'adresse mail suivante :\r\n\r\nstage@Banquier.com', 'Stage', 28),
(89, 'Gestions des risques', 'vos missions se feront en plusieurs étapes :\r\n1 - Vous solliciterez les différents services industriels afin de formaliserez les risques et gérerez la base documentaire sous TOL, en prenant en compte l’existant et ciblant les affaires à forts impacts.\r\n2 - Vous définirez, planifierez et vous vous assurerez de la mise en œuvre du plan d\'action.\r\n3 - Vous procéderez à la coordination des différentes parties prenantes (Achats, Industrie, Gestion de site...) et rendrez compte de l’avancement des projets.\r\n4 - Vous participerez activement à la préparation des audits et des exercices de crise.', 'Bac +4/5 Commerce', '2022-04-01', '2022-06-01', '2022-03-30', 'Envoyer votre CV et lettre de motivation à l\'adresse mail suivante :\r\nstage@appeldurisque.com', 'Alternance', 39),
(90, 'ANALYSTE FINANCIER', 'votre mission consiste principalement à :\r\n- Analyser les dossiers de consultation en particulier sur les aspects économiques,\r\nCoordonner et challenger le chiffrage des coûts de revient proposés par les opérationnels,\r\n- Modéliser la structure financière de l’offre,\r\n- Réaliser des analyses de sensibilité au regard de la rentabilité attendue pour le contrat,\r\n- En concertation avec le Chef de Projet et la Direction Développement, proposez un niveau de marge et le prix de vente\r\n- Contribuer à l’élaboration du dossier de synthèse de l’offre destiné aux comités internes Suez de décision (COMOP)\r\n- Participer à la rédaction des éléments financiers et produire les pièces financières de l’Offre\r\n\r\n- Répondre aux éventuelles questions financières du client\r\n- Suivre les offres jusqu’à la signature du contrat\r\n- Assurer un retour d’expérience sur chacun des dossiers en vue de capitaliser sur les résultats, améliorer les pratiques et accroître la performance\r\n- Concevoir, développer et améliorer les outils de dimensionnement financier', 'Bac +5 Commerce', '2022-03-30', '2022-06-30', '2022-03-29', 'Candidature directement sur ce site avec CV et Lettre de motivation', 'Stage', 33),
(91, 'Expert Comptable - H/F', 'Au sein d\'une équipe à taille humaine, vous procédez à la révision comptable, à établissement des comptes annuels et à la remise de bilans auprès de vos clients.\r\n\r\nVous êtes impliqués dans les missions de conseil et de développement du portefeuille.', 'Bac +4 commerce', '2022-04-01', '2022-06-01', '2022-03-30', 'Candidature directement sur ce site avec CV et Lettre de motivation', 'Stage', 25),
(92, 'Conseiller financier', 'Au sein d\'un bureau de Poste, au coeur de l\'espace dédié La Banque Postale, vous vous familiarisez progressivement avec les produits bancaires et développez une approche directe avec la clientèle.\r\n\r\nEn binôme avec un conseiller bancaire vous vous exercez aux techniques commerciales pour apporter des réponses concrètes aux clients et vendre des solutions adaptées à leurs besoins.\r\n\r\nVous apprenez également à prospecter et développer un portefeuille client.\r\n\r\nSous la responsabilité d\'un tuteur référent, des formations aux outils et aux techniques vous seront dispensées.', 'Bac +4 commerce', '2022-04-01', '2022-05-01', '2022-03-30', 'Envoyer votre CV et lettre de motivation à l\'adresse mail suivante :\r\nstage@finance.com', 'Stage', 43),
(93, 'DEVELOPPEMENT INFORMATIQUE (H/F)', '• En s\'appuyant sur la description hiérarchique des sociétés du groupe stockée au sein de notre référentiel, produire une vision graphique et arborescente de la structure des entreprises : organisation en départements/équipes, responsables, dimension humaine, salariés qui les composent, et ce, complété des outils de recherche qui permettront d\'accéder selon différents critères aux structures ou aux personnes ciblées. Développement d’applications en langage web (HTML, C#, .NET et Visual studio)\r\n• Dans le cadre de la refonte du site documentaire du groupe, mener une étude et mettre en œuvre un Proof Of Concept concernant le stockage des documents dans une base NoSql.\r\n• Dans le cadre d’un applicatif d’instruction de crédit, étudier et mettre en œuvre les nouveaux composants graphiques, avec mise en place de l’accessibilité et renforcement de la sécurité applicative. Développement d’applications en langage web (HTML, C#, .NET et Visual studio)\r\n• Dans le cadre d’un applicatif permettant la génération automatique de groupes d’utilisateurs selon des critères bien définis, étudier et mettre en œuvre un outil d’aide à la décision au travers de questions en français pour aider les utilisateurs à cibler les bons critères de sélection. Développement d’applications en langage web (HTML, C#, .NET et Visual studio)\r\n• Etudier et mettre en place des outils de monitoring et surveillance de nos solutions collaboratives groupe comprenant le réseau social d’entreprise (App mobile et desktop), le réseau social de nos sociétaires (App mobile et desktop), la bibliothèque multimédia, et les sites SharePoint. Développement d’applications en langage web (HTML, C#, .NET et Visual studio)\r\n• Relation client dans un monde Digital Au côté de 15 collaborateurs, vous serez intégré/intégrée dans l’équipe de développement en charge des outils de gestion des clients et prospects du groupe. Votre mission vous amènera à intervenir sur nos interfaces intranet, extranet, web et APPS. Vous vous appuierez sur nos solutions technologiques innovantes telles que l’OCR, le cognitif et participerez au portage sur notre CLOUD privé.\r\n• RELATIONSHIP MANAGEMENT(RM) – Urbanisation/Transformation', 'Bac +4/5 In', '2022-05-15', '2022-07-15', '2022-05-10', 'Candidature directement sur ce site avec CV et Lettre de motivation', 'Contrat', 40),
(94, 'Assistant Responsable Produit Microsoft Dynamics 365 H/F', 'En nous rejoignant, vous vous verrez confier les missions suivantes :\r\n- Veille : Gestion des nouveautés (gouvernance, qualification, tests, promotion...).\r\n- Industrialisation des tests (automatisation des tests de non-régression à travers des outils comme RSAT).\r\n- Recette et stabilisation (pilotage des campagnes de recette de nouveautés, identification des faiblesses et des anomalies, mise à jour de la documentation, gestion du backlog...).', 'Bac +3 Commerce', '2022-04-01', '2022-05-01', '2022-03-30', 'Envoyer votre CV et lettre de motivation à l\'adresse mail suivante :\r\nstage@ARPM.com', 'Stage', 31),
(95, 'Technicien(ne) informatique & réseaux', '· Porter assistance de niveau 1 aux utilisateurs, tels des super-héros nous intervenons en cas de besoin !\r\n\r\n· Rédiger des rapports d’incidents et de suivi des tâches\r\n\r\n· Participer à la rédaction de la documentation (doc. Technique et doc. Utilisateur)\r\n\r\n· Réceptionner, préparer et installer le matériel informatique pour que nos super collègues puissent travailler dans les meilleures conditions possibles\r\n\r\n· Participer au déploiement et maintien en condition opérationnelle des environnements de travail\r\n\r\n· Garder un œil et superviser les systèmes et réseaux\r\n\r\n· Vérifier les sauvegardes', 'Bac +2/3 Informatique', '2022-05-01', '2022-06-01', '2022-04-30', 'Candidature directement sur ce site avec CV et Lettre de motivation', 'Stage', 37),
(96, 'Ingénieur Cloud Devops H/F', 'Objectifs : En vue d’illustrer notre savoir-faire autour de l’Eco-Design IT, l’objectif du stage est de concevoir et développer un démonstateur de banc de mesure de consommation énergétique de services numériques. Obtenir une vision complète de l’empreinte carbone de ces services répartis requiert d’effectuer des mesures dans chacun des points de présence (mobile, on-premise, VM, Cloud, …) et de les agréger dans une base de données unique. Ce banc sera implémenté sous forme de Microservices dans un contexte de développement et déploiement DevOps.\r\n\r\nAprès une phase d’étude (état de l’art) et de conception pour proposer différentes solutions, le projet passera en phase de réalisation par plusieurs itérations.\r\n', 'Bac +4/5', '2022-04-01', '2022-06-01', '2022-03-31', 'Envoyer votre CV et lettre de motivation à l\'adresse mail suivante :\r\nstage@DC.com', 'Stage ', 42),
(97, 'DB2 CONTRÔLE DE NORMES (H/F)', 'ce stage s\'articulera en 3 grandes phases, une première phase d\'analyse du besoin (cas d\'usage, normes à gérer, politiques de sécurité, …) et de rédaction des spécifications fonctionnelles en collaboration avec les experts Db2. La seconde phase concernera la conception du modèle de données et l\'architecture des flux de données de l\'outil (quelle est la référence, comment la propager) liée à la contrainte de pilotage centralisé d\'un ensemble de serveurs distribués. Enfin la troisième phase consistera en une intégration de la solution pour un lot pilote (et éventuellement un déploiement en production).', 'Bac +5 Informatique', '2022-04-01', '2022-07-01', '2022-03-30', 'Envoyer votre CV et lettre de motivation à l\'adresse mail suivante :\r\nstage@CDN.com', 'Alternance', 16),
(98, 'Développeur PHP', 'Les tâches qui vous seront confiées sont les suivantes :\r\n\r\n- Participation à la conception technique à partir des spécifications fonctionnelles détaillées\r\n\r\n- Développement de petits évolutifs / correctifs\r\n\r\n- Analyse et résolution d\'incidents liés à la production\r\n\r\n- Estimation de la charge et évaluation des risques de dépassements\r\n\r\n- Vous participez à l’optimisation des process d’industrialisation\r\nProfil recherché', 'Bac +3 Informatique', '2022-05-01', '2022-06-01', '2022-04-29', 'Candidature directement sur ce site avec CV et Lettre de motivation', 'Stage', 29),
(99, 'Architecte Naval H/F', 'En tant que stagiaire tu seras intégré au bureau d\'étude. Tes missions seront les suivantes :\r\n- Phase d\'idéation, création de concept pour l\'aménagement des locaux vie incluant le design des mobiliers.\r\n- Mener des travaux d\'esquisse et d\'aménagement des espaces et volumes disponibles dans le navire.\r\n- Créer des livrables graphiques à base de croquis, planches d\'inspiration.\r\n- Travailler en soutien d\'un technicien bureau d\'études pour la création de plan d\'aménagement des locaux. La maîtrise du logiciel REVIT est un plus.\r\n- Créer des rendus 3D des locaux via une phase de texturation de la maquette 3D pour faire des présentation en réalité virtuelle.', 'Bac +4/5 Architecture Naval/design', '2022-04-01', '2022-07-01', '2022-03-30', 'Envoyer votre CV et lettre de motivation à l\'adresse mail suivante :\r\nstage@acna.com', 'Stage', 34),
(100, 'Ingénieur Administrateur Systeme - H/F', ' vous aurez missions de :\r\n• Administrer, documenter et gérer les évolutions du lab;\r\n• Préparer et répéter les opérations d’extension, mise à jour logicielle en lab avant application par l’équipe sur les équipements de production;\r\n• Analyser les incidents de production pour en déterminer la cause exacte et leur résolution;\r\n• Participer à l’amélioration et l’industrialisation de nos méthodes et outils.', 'Bac +4/5 Cybersécurité', '2022-05-01', '2022-08-01', '2022-03-30', 'Envoyer votre CV et lettre de motivation à l\'adresse mail suivante :\r\nstage@ASHF.com', 'Contrat', 28),
(101, 'ASSISTANT ARCHITECTE PLANS TECHNIQUES ', '- Participer à la conception des projets dans les phases Esquisse\r\n- Proposer et optimiser des plans d\'aménagement sous forme informatique (implantation commerciale installations techniques superficies...) des magasins\r\n- Participer à la conception des projets enseigne et façade suivant le cahier des charges Maisons du Monde bailleur propriétaire et urbanisme\r\n- Utiliser les outils CAO pour dessiner et optimiser les plans d\'aménagements et les projets visuels des magasins.', 'Bac +3/4 Architecture', '2022-04-01', '2022-06-01', '2022-03-30', 'Candidature directement sur ce site avec CV et Lettre de motivation', 'Alternance', 41),
(102, 'DÉVELOPPEUR JAVA', 'Les missions proposées dans le cadre de l\'alternance sont :\r\n\r\n- Assurer le paramétrage et la conception technique en lien avec les architectes techniques et fonctionnels.\r\n- Etre responsable des évolutions fonctionnelles en lien avec les Business Analyst.\r\n- Assurer la maintenance corrective et évolutive des logiciels\r\n- Participer aux démos associées, incluant les tests de performance.\r\n- Analyser et diagnostiquer afin de proposer une recommandation, un scénario ou un constat adapté.\r\n- Contribuer à la résolution des blocages rencontrés par votre équipe.', 'Bac +3 Informatique', '2022-04-01', '2022-07-01', '2022-03-30', 'Envoyer votre CV et lettre de motivation à l\'adresse mail suivante :\r\nstage@devja.com', 'Alternance', 22),
(103, 'Consultant Si Fonctionnel H/F', 'Vos missions seront d\'assister les chefs de projet fonctionnel dans leurs projets, notamment sur les activités suivantes :\r\n- Cadrage, étude et planification des projets de mise en place de solution logicielle.\r\n- Paramétrage et configuration.\r\n- Réalisation des cahiers de recette, réalisation des tests SI et accompagnement des tests métier.\r\n- Etude et réalisation des reprises de données.\r\n- Préparation et réalisation des interface inter-applicatives.\r\n- Etude et support aux utilisateurs-clés et utilisateurs finaux.\r\n- Etude et réalisation des reportings métier (PowerBI).', 'Bac +3/4 Informatique', '2022-05-01', '2022-07-01', '2022-03-30', 'Candidature directement sur ce site avec CV et Lettre de motivation', 'Stage', 27),
(104, 'Automatisation tests de performance', '-étudier les meilleures solutions de bouchonnage à employer (développements spécifiques, outils du marché) afin de « mixer » ces tests de « bout en bout » (moins nombreux) avec des tests bouchonnés (sur notre SI seul) représentatifs afin de lever des contraintes opérationnelles liées à l\'exécution de ces tirs\r\n-proposer un POC (Proof of Concept) montrant la viabilité d\'une à deux solutions ainsi que son coût.', 'Bac +4 Informatique', '2022-04-01', '2022-06-01', '2022-03-30', 'Envoyer votre CV et lettre de motivation à l\'adresse mail suivante :\r\nstage@atp.com', 'Stage', 43),
(105, 'Designer Graphique', '• Conception et modélisation infographique print & digital\r\n• Maîtrise de la Creative Suite (notamment Photoshop, Illustrator & Indesign)\r\n• Suivre et contrôler les étapes de la chaîne graphique\r\n• Conception, adaptation et mise à jour des supports de communication et des packagings\r\n• Vérifier que les document suivent la charte graphique (garant de la charte)\r\n• Respect des délais et de la planification du travail\r\n• Collaborer dans le cadre d’un travail en équipe (partage des informations)\r\n• Gérer la bibliothèque d’images/de visuels', 'Bac +3/4 Spécialité Design', '2022-04-01', '2022-07-01', '2022-03-30', 'Candidature directement sur ce site avec CV et Lettre de motivation', 'Stage', 20),
(106, 'Développeur Fullstack F/H', 'Membre à part entière d’un projet réalisé pour l’un de nos clients, tu seras intégré au sein d’une de nos équipes comme développeur junior.\r\nA ce titre, tu auras l’occasion de mettre en oeuvre les compétences suivantes :\r\nL’analyse fonctionnelle et technique en fonction des besoins du client\r\nLa conception : validation du besoin, proposition de solutions techniques lors des cérémonies AGILE de refinement.\r\nLe développement et test unitaires d’User Stories en utilisant des technologies récentes telles que :\r\noJava 11 (ou plus)\r\noReact 17 ou Vue.JS 3 ou Angular\r\noElastic Search 7 (ou plus)\r\noLiferay 7.4\r\noPostGreSQL/MySQL/Oracle\r\noDocker via Docker Compose\r\noGit via GitLab CI/CD', 'Bac +3/4 Informatique', '2022-05-01', '2022-08-01', '2022-04-30', 'Candidature directement sur ce site avec CV et Lettre de motivation', 'Contrat', 42),
(107, 'Assistance à la Sécurisation des Services Externalisés H/F', ' la mission consistera :\r\n- A référencer les règlements, guides et standards existants en établissant un comparatif de ces derniers.\r\n- A établir les outils d\'étude du niveau de maturité selon les guides, règlement et référentiels retenus.\r\n- A établir/mettre à jour/adapter les outils de gestion des prestations d\'externalisation (PAS, Convention de service, PAQ, PPR, Comitologie, Outil de recette).\r\n- A accompagner des consultants séniors en mission pour éprouver les outils créés.', 'Bac +3 Informatique', '2022-04-01', '2022-08-01', '2022-03-30', 'Envoyer votre CV et lettre de motivation à l\'adresse mail suivante :\r\nstage@asse.com', 'Stage', 31),
(108, 'Ingénieur Data Intelligence (H/F)', 'Après une phase d’intégration qui vous permettra de comprendre notre organisation et nos méthodes, vous participez aux projets de Datascience. A cet effet, sous la responsabilité d’un Ingénieur, vous participez à l’exploitation de données industrielles dans le but de répondre à des problématiques de maintenance prédictive, d’études de corrélation ou bien d’augmentation de vitesse de production', 'BAc +4/5 Informatique', '2022-04-01', '2022-06-01', '2022-03-30', 'Candidature directement sur ce site avec CV et Lettre de motivation', 'Stage', 34),
(109, 'Monteur de réseaux h/f', '- Installer et assurer la maintenance des réseaux électriques (courants forts haute\r\ntension HT et basse tension BT)\r\n- Mettre en place les infrastructures associées aux réseaux d\'éclairage public et de\r\nsignalisation (luminaires, signalisation tricolore, ferroviaire).\r\n- Participer à l\'enfouissement des réseaux souterrains.\r\n- Assurer une relation client de proximité\r\n- Participer à la sécurité du chantier (personnel, matériel et environnement)', 'Bac +2/3 Informatique', '2022-04-01', '2022-06-01', '2022-03-30', 'Candidature directement sur ce site avec CV et Lettre de motivation', 'Alternance', 36),
(110, 'Ingénieur Logiciel Cybersécurité KMS - H/F', 'Votre mission consistera à :\r\n• Faire un état de l’art des KMS ;\r\n• Etudier le besoin et présenter les différentes solutions ;\r\n• Créer un prototype', 'Bac +3/4 Informatique', '2022-04-01', '2022-07-01', '2022-03-31', 'Envoyer votre CV et lettre de motivation à l\'adresse mail suivante :\r\nstage@ilc.com', 'Alternance', 9),
(111, 'Ingénieur Mécatronique F/H', 'Vos missions sont les suivantes :\r\n• Créer un fichier de génération de maquette 2D en automatique (Excel, visual Basic)\r\n• Conception de nuage de points par calcul (trigo) en fonction de paramètres évolutifs\r\n• Générer un format d’export vers logiciel fournisseur de sécurité\r\n• Générer un fichier d’export vers logiciel de CAO', 'Bac +4 Informatique', '2022-04-01', '2022-06-01', '2022-03-31', 'Envoyer votre CV et lettre de motivation à l\'adresse mail suivante :\r\nstage@inme.com', 'Stage', 22),
(112, 'Chef de Projet IT Process Management', 'Voici ce sur quoi le stage porte essentiellement :\r\n• la consolidation de la cartographie de nos processus\r\ntransverses\r\n• l\'harmonisation des représentations graphiques de ces\r\nprocessus,\r\n• la formalisation d\'un système de mesure de la\r\nperformance pour chaque processus afin de garantir son efficacité\r\n• le renforcement le la culture d\'amélioration continue\r\net de l\'approche processus au sein de l\'organisation', 'Bac +4 Informatique', '2022-04-30', '2022-06-30', '2022-04-29', 'Candidature directement sur ce site avec CV et Lettre de motivation', 'Stage', 35),
(113, 'Ingénieur Soutien Solutions de Cybersécurité – H/F', 'En nous rejoignant, vos principales missions seront les suivantes :\r\n• Découverte des multiples activités du MCO (Développements correctifs & évolutifs, Intégration & Validation, Gestion de projet, Support client …) ;\r\n• Focus sur les activités d’Intégration & Validation ;\r\n• Mises en situation en équipe intégrée. Organisation et animation d’un Groupe de Travail dédié ;\r\n• Veille sur les outils et méthodes utilisées ;\r\n• Évaluation et mise en place d\'outils et moyens permettant de gagner en efficacité ;\r\n• Synthèse et restitution des résultats aux équipes', 'Bac +4/5 Cybersécurité', '2022-04-01', '2022-06-01', '2022-03-31', 'Envoyer votre CV et lettre de motivation à l\'adresse mail suivante :\r\nstage@issc.com', 'Stage', 36),
(114, 'Service Informatique – Développement & Programmation', 'Vos missions principales porteront sur :\r\n\r\nL’administration et l’optimisation des performances de nos bases de données actuelles\r\n\r\nGestion de projets et support aux utilisateurs:\r\nParticipation à des projets d’évolution du Système d’Information comme l’intégration d’un nouvel ERP.\r\nDévelopper dans le cadre de la mise en œuvre de la roadmap, des outils de gestion des données (Extractions, tableaux de bord) en collaboration avec les différents services sous le logiciel TABLEAU (Business Intelligent Software)\r\nAccompagnement et formation des utilisateurs', 'Bac +4 Informatique', '2022-04-01', '2022-06-01', '2022-03-31', 'Candidature directement sur ce site avec CV et Lettre de motivation', 'Stage', 49),
(115, 'Informatique H/F', 'Participer à l’identification, l’analyse et la recherche de solutions des pannes informatiques qui vous seront soumises\r\nAssurer la maintenance des équipements déployés dans l’atelier, des postes de production à la vidéosurveillance\r\nMonter et configurer de nouveaux matériels sur demande des administrateurs systèmes et réseaux\r\nApporter un support de proximité aux collaborateurs dans leur utilisation quotidienne des outils informatiques niveau hardware (configuration d’imprimantes, préparation du matériel de nouveaux collaborateurs)', 'Bac +3 Informatique', '2022-03-31', '2022-05-31', '2022-03-29', 'Candidature directement sur ce site avec CV et Lettre de motivation', 'Stage', 47),
(116, 'Informatique Industrielle (H/F)', 'Vous travaillerez en collaboration avec votre équipe afin de développer et mettre en place une plateforme de démonstration de nos outils.\r\nVous participerez à l’élaboration des scénarios de présentation', 'Bac +2 informatique', '2022-04-01', '2022-05-01', '2022-03-30', 'Candidature directement sur ce site avec CV et Lettre de motivation', 'Stage', 48),
(117, 'Assistant support utilisateur informatique H/F', 'Être en charge de l\' administration Systèmes (Windows Serveur/VmWare/HyperV/Supervision/AD/Droits Utilisateurs/Etc..).\r\nÊtre en charge de l\' administration Réseaux (Switchs/Routeur/Firewall/Wifi/Orion/Etc..).\r\nÊtre support des utilisateurs (Logiciels/Matériels/Bureautique/Office/Etc..).\r\nGérer le parc informatique (Déploiement Matériels/Build PC/Inventaire/Etc..).\r\nAccompagner les Utilisateurs / Formations.\r\nÊtre en charge de la gestion des prestataires (Definir Besoin/Accompagnement/Réalisation Travaux/etc..).\r\nÊtre en charge de la gestion des projets (Projet Local/Projet DSI Siège).\r\nÊtre en charge de la gestion de l\'infrastructure de La salle informatique.', 'Bac +3 Informatique', '2022-05-01', '2022-06-01', '2022-04-30', 'Candidature directement sur ce site avec CV et Lettre de motivation', 'Stage', 48),
(118, 'Cyber Sécurité et GDPR H/F', 'Audit cyber sécurité de la Digital Factory\r\nAnalyse de risque cyber\r\nSécurisation des systèmes & méthodes\r\nParticipation aux groupe de travail du groupe sur le risque cyber et les outils à mettre en place au sein d’une Digital Factory\r\nSuivi des vulnérabilités découvertes par notre scanner de sécurité\r\nParticipation à gouvernance GDPR de la Digital Factory et du groupe\r\nMaintien en conformité GDPR des assets de la Digital Factory\r\n', 'Bac +4/5 Cybersécurité', '2022-04-01', '2022-07-01', '2022-03-30', 'Candidature directement sur ce site avec CV et Lettre de motivation\r\n', 'Stage', 49),
(119, 'Ingénieur Logiciel-(H/F)', 'Concevoir et développer les briques logicielles pour répondre aux besoins métiers exprimés dans les users-stories\r\nInteragir avec les métiers pour évaluer le coût de leur besoin et concevoir la meilleure solution technique pour répondre au besoin\r\nInteragir au sein de l’équipe de développement localisée en France en étant force de proposition, en progressant grâce aux revues de codes des pairs…\r\nAppréhender les méthodes, les frameworks et environnements techniques de développement d’un projet de grande envergure (spring, hibernate, angular, API…)', 'Bac +4/5 Informatique', '2022-05-01', '2022-07-01', '2022-04-30', 'Candidature directement sur ce site avec CV et Lettre de motivation\r\n', 'Stage', 44),
(120, 'Assistant Informatique H/F', 'Analyser les besoins du client, ses obligations et ses contraintes, réalise la conception technique,\r\nConcevoir et développer une application maison et ainsi développer des outils sur mesure,\r\nParticiper aux tests,\r\nAssister à la mise en œuvre opérationnelle des outils, des procédures et des guides,\r\nRéaliser le suivi d\'avancement des projets confiées et rédiger un reporting formalisé,\r\nConcevoir et développer des applications ANDROID,\r\nVous pourrez être amené à travailler sur des sujets liés à la dématérialisation', 'Bac+5 Informatique', '2022-04-01', '2022-08-01', '2022-03-31', 'Candidature directement sur ce site avec CV et Lettre de motivation\r\n', 'Alternance', 45),
(121, 'Concepteur Développeur informatique ', 'Développer un outil facilitant la traduction des contraintes de limitation de puissance sur une ou plusieurs usines/vallées hydrauliques, notamment en cas de demande d’accords réseau par RTE.\r\n\r\nDévelopper un outil facilitant le référencement des contraintes pérennes et la validité des contraintes temporaires (instruction temporaires d’exploitation).\r\n\r\nAutomatiser certaines actions du processus hebdomadaire actuellement réalisées manuellement.\r\n', 'Bac +4/5 Informatique', '2022-05-01', '2022-03-01', '2022-03-30', 'Candidature directement sur ce site avec CV et Lettre de motivation', 'Stage', 48),
(122, 'System Development (F/H)', 'Vous serez donc en charge de:\r\n\r\nla conception et la spécification de l\'application de gestion des BOM\r\n\r\nla réalisation de cette application, dans un mode Agile (ie scrum)\r\n\r\nle déploiement et la configuration de l\'application\r\n\r\nla production de la documentation associé à l\'application : spécification, vérification, déploiement', 'Bac +5 Informatique', '2022-06-01', '2022-08-01', '2022-05-31', 'Candidature directement sur ce site avec CV et Lettre de motivation', 'Stage', 45),
(123, 'Assistant Architecte plans techniques (h/f)', 'Participer à la conception des projets dans les phases Esquisse,\r\nProposer et optimiser des plans d\'aménagement sous forme, informatique (implantation commerciale, installations techniques, superficies...) des magasins,\r\nParticiper à la conception des projets enseigne et façade suivant le cahier des charges Maisons du Monde, bailleur, propriétaire et urbanisme,\r\nUtiliser les outils CAO pour dessiner et optimiser les plans d\'aménagements et les projets visuels des magasins.', 'Bac +3 Informatique', '2022-04-01', '2022-05-01', '2022-03-31', 'Candidature directement sur ce site avec CV et Lettre de motivation', 'Stage', 49),
(124, 'Développement d\'une maquette d’exécution de workflow (H/F)', 'S\'approprier le contexte de la maquette existante\r\nÉtudier le fonctionnement du framework d\'orchestration\r\nProposer une architecture pour la nouvelle maquette\r\nRéaliser une maquette équivalente avec ce framework\r\nExécuter la maquette afin d\'étudier les métriques I/O, CPU, RAM\r\nExécuter la maquette dans un cluster afin d\'étudier les métriques réseau\r\nRéaliser une comparaison avec l\'autre maquette et d\'autres solutions alternatives\r\nRéaliser une documentation complète sur l\'utilisation du framework', 'Bac +5 Informatique', '2022-05-01', '2022-07-01', '2022-04-30', 'Candidature directement sur ce site avec CV et Lettre de motivation', 'Alternance', 41),
(125, 'Technicien Support IT H/F', 'Assurer l’installation, la configuration et l’entretien des équipements informatiques (matériels et logiciels) ;\r\nGérer et traiter les tickets affectés (demandes des collaborateurs, incidents) ;\r\nAssistance sur site : vous pouvez intervenir sur différents sites situés sur tout le territoire français (majoritairement en( IDF) pour assister les différents collaborateurs\r\nAnalyser et résoudre les incidents en collaboration avec l’équipe IT\r\nRédiger des reporting et être force de proposition pour optimiser notre service\r\nRespecter les règles de sécurité et les procédures de nos services', 'Bac +2/3 Informatique', '2022-04-01', '2022-05-01', '2022-03-31', 'Candidature directement sur ce site avec CV et Lettre de motivation', 'Alternance', 48),
(126, 'Auditeur IT H/F', 'Participer en support à des missions d\'audit, dont vous assurerez quelques chantiers d\'investigation, sous la responsabilité d\'un chef de mission ;\r\nAssister aux entretiens initiaux avec les audités et en assurer la restitution au travers de comptes-rendus documentés ;\r\nMener quelques chantiers d\'investigation, en recueillant des données et en les analysant ;\r\nContribuer à l\'émission de recommandations visant à améliorer la maîtrise des risques et à la formalisation du rapport sur vos chantiers d\'investigation.\r\n', 'Bac +4 Informatique', '2022-05-18', '2022-06-18', '2022-04-30', 'Candidature directement sur ce site avec CV et Lettre de motivation', 'Stage', 43),
(127, 'Sécurité Informatique H/F', 'L\'équipe d’administration Systèmes et Réseaux composée de 15 personnes, recherche un(e) stagiaire pour une durée de 3 à 6 mois, qui participera:\r\n\r\nAu Déploiement de la solution EDR Sentinel One sur nos serveurs\r\n\r\nApprendre, formaliser le processus;\r\n\r\nDéployer la solution sur les serveurs\r\n\r\nA l\'analyse de la faille log4J\r\n\r\nA la finalisation de l\'automatisation des passages de patchs Linux via Forema /Landesk', 'Bac +4 Informatique', '2022-04-01', '2022-07-01', '2022-03-31', 'Candidature directement sur ce site avec CV et Lettre de motivation', 'Stage', 46),
(128, 'SOFTWARE TESTER H/F', 'Participer à la mise en œuvre des tests sur les différents projets\r\nRédiger les plans de test/scripts conformément aux spécifications requises et en regard de la règlementation (ISO 13485, EN62304…).\r\nEffectuer les tests manuels et automatisés dans les différents environnements et avec les différents environments\r\nDétecter, analyser et suivre les anomalies identifiées.\r\nParticiper au débogage et à la clarification des causes racines.\r\nDocumenter l’ensemble de vos activités.\r\nAméliorer continuellement les protocoles de tests visant à leur automatisation.', 'Bac +3/4/5 Informatique', '2022-04-01', '2022-05-01', '2022-03-31', 'Candidature directement sur ce site avec CV et Lettre de motivation', 'Stage', 39),
(129, 'Développement Logiciel Frontend F/H', 'analyse des besoins clients,\r\nréalisation d\'études de faisabilité, conception et codage de technologie(s) logicielle(s),\r\ndiscuter des solutions développées avec les Product Managers et les utilisateurs pour obtenir des retours,\r\nréalisation de tests unitaires, de colis et de performances pour garantir la fiabilité,\r\nproduire la documentation du logiciel et la remettre aux services demandeurs.', 'Bac +3 Informatique', '2022-04-04', '2022-06-29', '2022-03-31', 'Candidature directement sur ce site avec CV et Lettre de motivation', 'Stage', 44),
(130, 'Technicien Helpdesk (H/F)', 'Vous préparez et réparez les postes informatiques des nouveaux arrivants\r\nVous veillez au bon fonctionnement des réseaux et des connexions\r\nVous suivez les opérations de maintenance\r\nVous participez à la mise en place des solutions techniques adaptées aux problèmes rencontrés\r\nVous répondez aux questions et assistez les utilisateurs (périmètre hardware, outil de communication)\r\nVous participez à la mise à disposition des utilisateurs d\'un support technique afin de collecter et de traiter les problèmes rencontrés\r\nVous participez au déménagement de l\'office.', 'Bac +3 Informatique', '2022-03-31', '2022-05-31', '2022-03-30', 'Candidature directement sur ce site avec CV et Lettre de motivation', 'Alternance', 49),
(131, 'Administrateur(trice) Systèmes et réseaux H/F', 'Installation des pc, paramétrage, mise à jour et suivi\r\nSupport niveau 2, Formations\r\nParticipation aux projets infrastructures et déploiements IT\r\nRédaction procédures, mise à jour plans, gestion des sauvegardes\r\nApplication des procédures groupe', 'Bac +2 Informatique', '2022-04-01', '2022-06-01', '2022-03-31', 'Candidature directement sur ce site avec CV et Lettre de motivation', 'Alternance', 49),
(132, 'Ingénieur R&D Cybersécurité (H/F)', 'Accompagner les projets du Groupe, en particulier les projets innovants\r\nAccompagner le déploiement de certains outils de cybersécurité (expérimentations, tests, développement d\'outils d\'automatisation)\r\nDéveloppement d\'outils et services à valeur ajoutée (utilisation des API produits cyber)\r\nContribuer aux projets R&D de l\'équipe cybersécurité par la conception et l\'intégration de nouvelles solutions de sécurité', 'Bac +5 Informatique ', '2022-04-21', '2022-07-21', '2022-04-18', 'Candidature directement sur ce site avec CV et Lettre de motivation', 'Contrat', 32),
(133, 'Assistant(e) Contrôle de Gestion Offre et Marketing (F/H)', 'Participation au processus de clôture annuelle : préparation des états de Reporting, contrôle des affectations comptables analytiques, édition des facturations et demandes d’avoir.\r\nSuivi des conditions commerciales définies entre Sephora et ses partenaires (Testeurs, RFA, opérations promotionnelles, Coop2…)\r\nMise à jour des nouvelles conditions commerciales négociées pour l’année en cours.\r\nSuivi des budgets métiers Offre, Marketing et Achats Indirects\r\nParticipation à l’élaboration des budgets, révisés et plan stratégique : collecte et consolidation des informations pour les services concernés\r\nSuivi de la performance par marque : en collaboration avec les contrôleurs pays et l’équipe Brand Partnerships, collecte et consolidation des données pays, analyse de la profitabilité et présentation des résultats. Participation au training pays sur l’utilisation des outils, notamment avec l’implémentation d’un nouvel outil de pilotage.', 'Bac +4/5 Spécialité finance', '2022-04-01', '2022-05-01', '2022-03-31', 'Candidature directement sur ce site avec CV et Lettre de motivation', 'Stage', 50),
(134, 'Assistant Marketing H/F', 'Suivre la performance des activités sur la partie offre du réseau : bilan d\'activité, analyse de l\'offre, KPIs comportementaux, benchmark, recommandations\r\n\r\nAnalyser l\'activité des achats locaux et établir des suivis mensuels\r\n\r\nParticiper au développement d\'un nouveau processus de référencement local\r\n\r\nConstruire et marketer les fiches magasins afin de préparer les négociations (marques, achats, trade…)\r\n\r\nParticiper au suivi de plans d\'achats et à la cartographie des nouvelles marques et secteurs\r\n\r\nÊtre l\'interface entre les équipes achats et les équipes magasins', 'Bac +4/5 Commerce', '2022-04-11', '2022-06-11', '2022-04-09', 'Candidature directement sur ce site avec CV et Lettre de motivation', 'Alternance', 46),
(135, 'Réception & Web-Marketing (H/F)', 'Garantir la relation client en réception et la satisfaction client\r\nAssurer la prise et le suivi des réservations\r\nRépondre aux appels téléphoniques\r\nSuivre le plan d’action commerciale - marketing pour répondre aux objectifs de notoriété, de croissance et de rentabilité\r\nPiloter et coordonner l’ensemble des actions marketing et webmarketing\r\nMesurer l’efficacité et optimiser les campagnes\r\nAnalyser les données\r\nAnalyser et mesurer l’impact des actions marketing\r\nRéaliser et suivre les différents tableaux de bord\r\nRéaliser une veille sur les campagnes menées par les sites concurrents,\r\nOptimiser l’expérience utilisateur en suivant les parcours client (analytics)\r\nGérer les Réseaux sociaux\r\nParticiper à l’ensemble des projets', 'Bac +3 Commerce', '2022-05-15', '2022-07-15', '2022-05-12', 'Candidature directement sur ce site avec CV et Lettre de motivation', 'Stage', 46),
(136, 'Marketing digital', ' Marketing : création et réalisation des vecteurs d’animation de notre offre, adaptation des offres aux différents marchés (Espagne, Italie, UK, Benelux)\r\n\r\n- Rédaction d’article de Blog pour amélioration du SEO\r\n\r\n- Gestion des réseaux Sociaux\r\n\r\n- Marketing : création et réalisation des vecteurs d’animation de notre offre, adaptation des offres aux différents marchés\r\n\r\n- Rédaction d’article de Blog pour amélioration du SEO', 'Bac +4 Commerce', '2022-04-13', '2022-06-13', '2022-04-11', 'Candidature directement sur ce site avec CV et Lettre de motivation', 'Stage', 41),
(137, 'Assistant e-commerce H/F', 'Participation à la génération de trafic sur les sites (liens sponsorisés, publicités, e-mailings, partenariats & ainsi qu’à leur analyse et reporting)\r\nParticipation au développement de nouvelles fonctionnalités des sites en relation avec les équipes E-commerce et informatique\r\nApporter une approche commerciale aux développements des sites\r\nParticipation à tout autre projet directement lié aux activités E-commerce ou au service Marketing', 'Bac +3 Commerce', '2022-04-01', '2022-06-01', '2022-03-31', 'Candidature directement sur ce site avec CV et Lettre de motivation', 'Stage', 47),
(138, 'Assistant Responsable Marketing', 'Études marketing (ex : benchmark sur un centre de congrès concurrent, carnet de tendances du tourisme d’affaires, analyse de données clients, études statistiques d\'occupation …) et présentation de synthèses formalisées auprès de la Direction Commerciale et/ou du Comité de Direction\r\n\r\n- Support aux commerciaux dans la gestion du CRM (USI) : suivi et mise à jour de contacts, accompagnement des bonnes pratiques sur le CRM\r\n\r\n- Suivi de la photothèque : ajout et sélection de visuels à des fins de communication marketing\r\n\r\n- Création de supports promotionnels et/ou d’outils d’aide à la vente\r\n\r\n- Participation à la préparation de la commercialisation de l’extension et de ses outils\r\n\r\n- Participation à la vie de l’équipe', 'Bac +3/4/5 Commerce', '2022-05-01', '2022-07-01', '2022-04-30', 'Candidature directement sur ce site avec CV et Lettre de motivation', 'Stage', 48),
(139, 'WEB MARKETING F/H', 'Contribution à la rédaction, l\'animation et l\'administration des contenus en ligne (vitrine, conseils, …).\r\nCréation de supports graphiques (emailing, animations web, bannières, flyers, …) pour les communications digitales Champion-Direct.\r\nGestion et suivi du site www.champion-direct.com (détection des bugs techniques, UX, ergonomie, navigation…)\r\nSuivi et analyse de l\'audience des sites (Google Analytics)\r\nParticipation à la création des emailings et des kits de communication display.\r\nRéalisation de benchmark et veille stratégique (concurrence, nouvelles pratiques digitales, nouveaux usages et comportements des consommateurs, identification d\'influenceurs).', 'Bac +2/3 Commerce', '2022-04-01', '2022-06-01', '2022-03-31', 'Candidature directement sur ce site avec CV et Lettre de motivation', 'Alternance', 45),
(140, 'Assistant-e Marketing et Communication H/F', 'Accompagner, développer et mettre en œuvre la communication externe autour de la nouvelle offre : Création des différents supports (flyers / articles / affichages…)\r\n\r\nInformation Voyageur : Création de support pour la nouvelle offre, nouvelles lignes, nouvelles origines / destinations, nouvelles communes (Dépliants horaires / Fiches poteaux / Signalétique/ Plans de proximité/ Schémas de ligne…)', 'Bac +4 Commerce', '2022-04-01', '2022-06-01', '2022-03-31', 'Candidature directement sur ce site avec CV et Lettre de motivation', 'Stage', 32),
(141, 'Assistant Trade Marketing H/F', 'Aide à la création de supports de vente B2B2C : PLV, promotions, etc...\r\nAide à la mise en place et suivi d\'animations commerciales d\'un réseau.\r\nAide au suivi des indicateurs de performance commerciale.\r\nAide à la mise en place de campagne de formation commerciale.\r\nAide à la mise en place de projets organisationnels/ d\'améliorations de la qualité de vie.', 'Bac +4 Commerce', '2022-05-01', '2022-07-01', '2022-04-30', 'Candidature directement sur ce site avec CV et Lettre de motivation', 'Alternance', 46),
(142, 'Graphiste marketing (H/F)', 'Participez à la conception de visuels afin d’accompagner les lancements de produits et services ;\r\nParticipez à l\'élaboration de campagnes de communication grand public et professionnels de santé.\r\nCréez des supports print ou digitaux ;\r\nAdaptez les éléments visuels et assurez une cohérence graphique avec la charte du Groupe ;\r\nAssurez la mise à jour des documents non conformes.', 'Bac +2/3 Marketing', '2022-06-01', '2022-08-01', '2022-05-31', 'Candidature directement sur ce site avec CV et Lettre de motivation', 'Stage', 45);
INSERT INTO `stage` (`id_stage`, `sujet`, `contenu`, `pref_etu`, `date_debut`, `date_fin`, `date_supp`, `methode_cand`, `type`, `id_contact`) VALUES
(143, 'International Sales Assistant H/F', 'Rattaché à l\'entité OneWorld France, en support des équipes commerciales, vous participerez :\r\n\r\nA la préparation de panoramas et des propositions commerciales dans tous les univers du groupe JCDecaux (mobilier urbain, grand format, transports, aéroport) : prise de brief, centralisation des différentes offres des filiales JCDecaux, mise en forme de la recommandation client, synthèse financière\r\nAu pilotage des dossiers commerciaux afin de garantir le bon déroulement des campagnes de communication extérieure\r\nA la rédaction de notes de synthèse ou de mémorandums pour préparer les rendez-vous clients', 'Bac +4 Commerce', '2022-04-21', '2022-07-21', '2022-04-19', 'Candidature directement sur ce site avec CV et Lettre de motivation', 'Stage', 35),
(144, 'Assistant Coordinateur Transports Internationaux H/F', 'Manager et piloter les transporteurs maritimes, ferroviaires et transitaires en animant les business review, en suivant leurs performances par des indicateurs et en construisant des plans d’actions\r\nSuperviser et animer l\'équipe opérationnelle d\'agents de transit et spécialiste facturation transport pour assurer le bon respect des processus, la bonne éxécution opérationnelle et l\'atteinte des objectifs\r\nDiriger des projets d’amélioration de flux transport pour optimiser le service, les couts, la qualité et le développement durable dans une optique d’amélioration continue\r\nSupporter les sites de chargement, le THUB ROUTE et le Customer Service International dans leurs opérations d’export maritime ainsi que les filiales IMSP (US, Canada et Grèce) dans leurs opérations d’import maritime\r\nPiloter les allocations maritimes pour assurer le respect budgétaire et des engagements contractuels\r\nRésoudre les problèmes liés à des problèmes de capacité de transport (pénuries de conteneurs vides foodgrade, espace navire, blank sailing)\r\nAssurer la bonne exécution de la facturation et le paiement des prestataires dans les règles de conformité légales et du Groupe Nestlé', 'Bac +4 Commerce', '2022-04-01', '2022-06-01', '2022-03-31', 'Candidature directement sur ce site avec CV et Lettre de motivation', 'Alternance', 29),
(145, 'Assistant achats base de prix F/H', 'La création d\'une base de prix et ratios achats avec :\r\n\r\nRelation avec évolution coûts/ matière\r\nCréation d’un tableau de bord', 'Bac +5 Commerce', '2022-04-30', '2022-06-30', '2022-04-28', 'Candidature directement sur ce site avec CV et Lettre de motivation', 'Stage', 44),
(146, 'Agent de transit maritime H/F', 'Informer et conseiller le client sur les formalités de circulation internationale des marchandises,\r\nRechercher les meilleures conditions d’achat auprès des compagnies, transporteurs, prestataires en tenant compte des systèmes existants, des ressources internes et mettre en place des solutions adaptées,\r\nMettre en place ou organiser une prestation de transport dans le domaine applicable,\r\nÉtablir et contrôler les documents liés à la circulation internationale de la marchandise,\r\nSuivre l’acheminement des marchandises, informer le client sur le déroulement et présenter des solutions en cas d’aléa,\r\nAssurer le contrôle final du dossier (conformité du dossier),\r\nTraiter un litige ou transmettre au responsable ou au service contentieux,\r\nAssurer la communication de l’information client (interne ou externe).', 'Bac +4 Commerce International', '2022-04-01', '2022-07-01', '2022-03-31', 'Candidature directement sur ce site avec CV et Lettre de motivation', 'Alternance', 43),
(147, 'ASSISTANT RESSOURCES HUMAINES', 'ous la responsabilité de la Responsable RH, vous intégrez et accompagnez le service Ressources Humaines dans la gestion quotidienne et intervenez dans les domaines suivants :\r\n\r\nGESTION ADMINISTRATIVE RH\r\nSuivi et gestion des dossiers du personnel de l’intégration à la sortie du collaborateur (Rédaction d’un contrat de travail, avenant, DPAE, documents d’embauche, médecine du travail, solde de tout compte…) ;\r\n\r\nABSENTEISME\r\nSaisie des arrêts de travail, déclaration des accidents du travail, reporting, participation aux actions en faveur de la baisse de l’absentéisme\r\n\r\nFORMATION\r\nSuivi du plan prévisionnel de formation, reporting des formations réalisées, suivi administratif, facturation OPCO\r\n\r\nRECRUTEMENT\r\nDiffusion des annonces sur les jobboards, Sourcing, Pré-qualification téléphonique, Reporting\r\n\r\nVous serez formé(e) et accompagné(e) tout au long de ce stage afin de gagner en autonomie.', 'Bac +6 Ressource Humaines', '2022-04-01', '2022-05-31', '2022-03-31', 'Candidature directement sur ce site avec CV et Lettre de motivation', 'Stage', 37),
(148, 'PREPARATEUR EN PHARMARCIE HOSPITALIERE (H/F)', 'Accueil et prise en charge des personnes (agents, patients, usagers, etc.), dans son domaine\r\n\r\nAccueil, encadrement et accompagnement pédagogique de personnes (agents, étudiants, stagiaires, etc.)\r\n\r\nApprovisionnement en produits, en matériels, dans son domaine\r\n\r\nConditionnement de produits et / ou de matériels spécifiques au domaine d\'activité\r\n\r\nConstitution et contrôles des dotations de services dans le respect des règles de détention et de conservation des médicaments et des dispositifs médicaux stériles\r\n\r\nDispensation de médicaments et produits pharmaceutiques\r\n\r\nÉtablissement / actualisation, organisation et mise en oeuvre de processus, procédures, protocoles, consignes, spécifiques à son domaine d\'activité\r\n\r\nGestion des stocks de produits, de matériels, dans son domaine (saisie, suivi, contrôle, relance, commandes, inventaires)\r\n\r\nPréparations pharmaceutiques\r\n\r\nRéalisation de préparations galéniques, en zones protégées ou contrôlées\r\n\r\nRéalisation des opérations d\'approvisionnement et de gestion\r\n\r\nVeille professionnelle et développement professionnel continu', 'Bac +2 Medecine', '2022-04-13', '2022-06-13', '2022-04-11', 'Candidature directement sur ce site avec CV et Lettre de motivation', 'Stage', 49),
(149, 'Dev Web', 'Dev web d\'un site e-commerce', 'L3 MIAGE', '2022-05-14', '2022-03-31', '2022-03-31', 'Directement sur ce site', 'apprentissage', 3);

--
-- Index pour les tables exportées
--

--
-- Index pour la table `candidater`
--
ALTER TABLE `candidater`
  ADD PRIMARY KEY (`id_stage`,`num_etudiant`),
  ADD KEY `num_etudiant` (`num_etudiant`);

--
-- Index pour la table `contact`
--
ALTER TABLE `contact`
  ADD PRIMARY KEY (`id_contact`),
  ADD KEY `id_entreprise` (`id_entreprise`);

--
-- Index pour la table `entreprise`
--
ALTER TABLE `entreprise`
  ADD PRIMARY KEY (`id_entreprise`);

--
-- Index pour la table `etudiant`
--
ALTER TABLE `etudiant`
  ADD PRIMARY KEY (`num_etudiant`);

--
-- Index pour la table `stage`
--
ALTER TABLE `stage`
  ADD PRIMARY KEY (`id_stage`),
  ADD KEY `id_contact` (`id_contact`);

--
-- AUTO_INCREMENT pour les tables exportées
--

--
-- AUTO_INCREMENT pour la table `contact`
--
ALTER TABLE `contact`
  MODIFY `id_contact` int(11) NOT NULL AUTO_INCREMENT, AUTO_INCREMENT=51;
--
-- AUTO_INCREMENT pour la table `entreprise`
--
ALTER TABLE `entreprise`
  MODIFY `id_entreprise` int(11) NOT NULL AUTO_INCREMENT, AUTO_INCREMENT=51;
--
-- AUTO_INCREMENT pour la table `stage`
--
ALTER TABLE `stage`
  MODIFY `id_stage` int(11) NOT NULL AUTO_INCREMENT, AUTO_INCREMENT=151;
--
-- Contraintes pour les tables exportées
--

--
-- Contraintes pour la table `candidater`
--
ALTER TABLE `candidater`
  ADD CONSTRAINT `candidater_ibfk_1` FOREIGN KEY (`id_stage`) REFERENCES `stage` (`id_stage`),
  ADD CONSTRAINT `candidater_ibfk_2` FOREIGN KEY (`num_etudiant`) REFERENCES `etudiant` (`num_etudiant`);

--
-- Contraintes pour la table `contact`
--
ALTER TABLE `contact`
  ADD CONSTRAINT `contact_ibfk_1` FOREIGN KEY (`id_entreprise`) REFERENCES `entreprise` (`id_entreprise`);

--
-- Contraintes pour la table `stage`
--
ALTER TABLE `stage`
  ADD CONSTRAINT `stage_ibfk_1` FOREIGN KEY (`id_contact`) REFERENCES `contact` (`id_contact`);

/*!40101 SET CHARACTER_SET_CLIENT=@OLD_CHARACTER_SET_CLIENT */;
/*!40101 SET CHARACTER_SET_RESULTS=@OLD_CHARACTER_SET_RESULTS */;
/*!40101 SET COLLATION_CONNECTION=@OLD_COLLATION_CONNECTION */;
